椷榓俇擭,恖岥摦懺摑寁,,
忋姫丂巰朣丂戞俆丏侾俋昞丂巰場乮巰場娙扨暘椶乯暿偵傒偨搒摴晎導乮摿暿嬫亅巜掕搒巗嵞宖乯暿巰朣棪乮恖岥10枩懳乯
拲丗侾乯乽巕媨偺埆惈怴惗暔亙庮釃亜乿丄乽棏憙偺埆惈怴惗暔亙庮釃亜乿媦傃乽擠怭丆暘曍媦傃嶻偠傚偔乿偺棪偵偮偄偰偼丄彈惈恖岥10枩懳偺巰朣棪偱偁傞丅
丂丂俀乯乽慜棫態偺埆惈怴惗暔亙庮釃亜乿偺棪偵偮偄偰偼丄抝惈恖岥10枩懳偺巰朣棪偱偁傞丅
丂丂俁乯幚悢偵偮偄偰偼丄e-Stat乮妋掕悢乯偺乽巰朣乿偺昞斣崋 壓姫 係 傪嶲徠偝傟偨偄丅
,憤悢,01000丂姶愼徢媦傃婑惗拵徢丂丂丂丂丂丂丂丂丂丂丂丂丂丂丂丂丂丂丂丂丂丂丂丂丂丂丂,01100丂丂挵娗姶愼徢丂丂丂丂丂丂丂丂丂丂丂丂丂丂丂丂丂丂丂丂丂丂丂丂丂丂丂丂丂丂,01200丂丂寢妀丂丂丂丂丂丂丂丂丂丂丂丂丂丂丂丂丂丂丂丂丂丂丂丂丂丂丂丂丂丂丂丂丂,01201丂丂丂屇媧婍寢妀丂丂丂丂丂丂丂丂丂丂丂丂丂丂丂丂丂丂丂丂丂丂丂丂丂丂丂丂丂,01202丂丂丂偦偺懠偺寢妀丂丂丂丂丂丂丂丂丂丂丂丂丂丂丂丂丂丂丂丂丂丂丂丂丂丂丂丂,01300丂丂攕寣徢丂丂丂丂丂丂丂丂丂丂丂丂丂丂丂丂丂丂丂丂丂丂丂丂丂丂丂丂丂丂丂丂,01400丂丂僂僀儖僗惈娞墛丂丂丂丂丂丂丂丂丂丂丂丂丂丂丂丂丂丂丂丂丂丂丂丂丂丂丂丂,01401丂丂丂俛宆僂僀儖僗惈娞墛丂丂丂丂丂丂丂丂丂丂丂丂丂丂丂丂丂丂丂丂丂丂丂丂丂,01402丂丂丂俠宆僂僀儖僗惈娞墛丂丂丂丂丂丂丂丂丂丂丂丂丂丂丂丂丂丂丂丂丂丂丂丂丂,01403丂丂丂偦偺懠偺僂僀儖僗惈娞墛丂丂丂丂丂丂丂丂丂丂丂丂丂丂丂丂丂丂丂丂丂丂丂,01500丂丂僸僩柶塽晄慡僂僀儖僗乵俫俬倁乶昦丂丂丂丂丂丂丂丂丂丂丂丂丂丂丂丂丂丂丂,01600丂丂偦偺懠偺姶愼徢媦傃婑惗拵徢丂丂丂丂丂丂丂丂丂丂丂丂丂丂丂丂丂丂丂丂丂丂,02000丂怴惗暔亙庮釃亜丂丂丂丂丂丂丂丂丂丂丂丂丂丂丂丂丂丂丂丂丂丂丂丂丂丂丂丂丂,02100丂丂埆惈怴惗暔亙庮釃亜丂丂丂丂丂丂丂丂丂丂丂丂丂丂丂丂丂丂丂丂丂丂丂丂丂丂,02101丂丂丂岥怬丆岥峯媦傃堲摢偺埆惈怴惗暔亙庮釃亜丂丂丂丂丂丂丂丂丂丂丂丂丂丂丂,02102丂丂丂怘摴偺埆惈怴惗暔亙庮釃亜丂丂丂丂丂丂丂丂丂丂丂丂丂丂丂丂丂丂丂丂丂丂,02103丂丂丂堓偺埆惈怴惗暔亙庮釃亜丂丂丂丂丂丂丂丂丂丂丂丂丂丂丂丂丂丂丂丂丂丂丂,02104丂丂丂寢挵偺埆惈怴惗暔亙庮釃亜丂丂丂丂丂丂丂丂丂丂丂丂丂丂丂丂丂丂丂丂丂丂,02105丂丂丂捈挵俽忬寢挵堏峴晹媦傃捈挵偺埆惈怴惗暔亙庮釃亜丂丂丂丂丂丂丂丂丂丂丂,02106丂丂丂娞媦傃娞撪抇娗偺埆惈怴惗暔亙庮釃亜丂丂丂丂丂丂丂丂丂丂丂丂丂丂丂丂丂,02107丂丂丂抇偺偆媦傃偦偺懠偺抇摴偺埆惈怴惗暔亙庮釃亜丂丂丂丂丂丂丂丂丂丂丂丂丂,02108丂丂丂鋁偺埆惈怴惗暔亙庮釃亜丂丂丂丂丂丂丂丂丂丂丂丂丂丂丂丂丂丂丂丂丂丂丂,02109丂丂丂岮摢偺埆惈怴惗暔亙庮釃亜丂丂丂丂丂丂丂丂丂丂丂丂丂丂丂丂丂丂丂丂丂丂,02110丂丂丂婥娗丆婥娗巟媦傃攛偺埆惈怴惗暔亙庮釃亜丂丂丂丂丂丂丂丂丂丂丂丂丂丂丂,02111丂丂丂旂晢偺埆惈怴惗暔亙庮釃亜丂丂丂丂丂丂丂丂丂丂丂丂丂丂丂丂丂丂丂丂丂丂,02112丂丂丂擕朳偺埆惈怴惗暔亙庮釃亜丂丂丂丂丂丂丂丂丂丂丂丂丂丂丂丂丂丂丂丂丂丂,02113丂丂丂巕媨偺埆惈怴惗暔亙庮釃亜丂丂丂丂丂丂丂丂丂丂丂丂丂丂丂丂丂丂丂丂丂丂,02114丂丂丂棏憙偺埆惈怴惗暔亙庮釃亜丂丂丂丂丂丂丂丂丂丂丂丂丂丂丂丂丂丂丂丂丂丂,02115丂丂丂慜棫態偺埆惈怴惗暔亙庮釃亜丂丂丂丂丂丂丂丂丂丂丂丂丂丂丂丂丂丂丂丂丂,02116丂丂丂銷泖偺埆惈怴惗暔亙庮釃亜丂丂丂丂丂丂丂丂丂丂丂丂丂丂丂丂丂丂丂丂丂丂,02117丂丂丂拞悤恄宱宯偺埆惈怴惗暔亙庮釃亜丂丂丂丂丂丂丂丂丂丂丂丂丂丂丂丂丂丂丂,02118丂丂丂埆惈儕儞僷庮丂丂丂丂丂丂丂丂丂丂丂丂丂丂丂丂丂丂丂丂丂丂丂丂丂丂丂丂,02119丂丂丂敀寣昦丂丂丂丂丂丂丂丂丂丂丂丂丂丂丂丂丂丂丂丂丂丂丂丂丂丂丂丂丂丂丂,02120丂丂丂偦偺懠偺儕儞僷慻怐丆憿寣慻怐媦傃娭楢慻怐偺埆惈怴惗暔亙庮釃亜丂丂丂丂,02121丂丂丂偦偺懠偺埆惈怴惗暔亙庮釃亜丂丂丂丂丂丂丂丂丂丂丂丂丂丂丂丂丂丂丂丂丂,02200丂丂偦偺懠偺怴惗暔亙庮釃亜丂丂丂丂丂丂丂丂丂丂丂丂丂丂丂丂丂丂丂丂丂丂丂丂,02201丂丂丂拞悤恄宱宯偺偦偺懠偺怴惗暔亙庮釃亜丂丂丂丂丂丂丂丂丂丂丂丂丂丂丂丂丂,02202丂丂丂拞悤恄宱宯傪彍偔偦偺懠偺怴惗暔亙庮釃亜丂丂丂丂丂丂丂丂丂丂丂丂丂丂丂,03000丂寣塼媦傃憿寣婍偺幘姵暲傃偵柶塽婡峔偺忈奞丂丂丂丂丂丂丂丂丂丂丂丂丂丂丂丂,03100丂丂昻寣丂丂丂丂丂丂丂丂丂丂丂丂丂丂丂丂丂丂丂丂丂丂丂丂丂丂丂丂丂丂丂丂丂,03200丂丂偦偺懠偺寣塼媦傃憿寣婍偺幘姵暲傃偵柶塽婡峔偺忈奞丂丂丂丂丂丂丂丂丂丂丂,04000丂撪暘斿丆塰梴媦傃戙幱幘姵丂丂丂丂丂丂丂丂丂丂丂丂丂丂丂丂丂丂丂丂丂丂丂丂,04100丂丂摐擜昦丂丂丂丂丂丂丂丂丂丂丂丂丂丂丂丂丂丂丂丂丂丂丂丂丂丂丂丂丂丂丂丂,04200丂丂偦偺懠偺撪暘斿丆塰梴媦傃戙幱幘姵丂丂丂丂丂丂丂丂丂丂丂丂丂丂丂丂丂丂丂,05000丂惛恄媦傃峴摦偺忈奞丂丂丂丂丂丂丂丂丂丂丂丂丂丂丂丂丂丂丂丂丂丂丂丂丂丂丂,05100丂丂寣娗惈媦傃徻嵶晄柧偺擣抦徢丂丂丂丂丂丂丂丂丂丂丂丂丂丂丂丂丂丂丂丂丂丂,05200丂丂偦偺懠偺惛恄媦傃峴摦偺忈奞丂丂丂丂丂丂丂丂丂丂丂丂丂丂丂丂丂丂丂丂丂丂,06000丂恄宱宯偺幘姵丂丂丂丂丂丂丂丂丂丂丂丂丂丂丂丂丂丂丂丂丂丂丂丂丂丂丂丂丂丂,06100丂丂悜枌墛丂丂丂丂丂丂丂丂丂丂丂丂丂丂丂丂丂丂丂丂丂丂丂丂丂丂丂丂丂丂丂丂,06200丂丂愐悜惈嬝堔弅徢媦傃娭楢徢岓孮丂丂丂丂丂丂丂丂丂丂丂丂丂丂丂丂丂丂丂丂丂,06300丂丂僷乕僉儞僜儞昦丂丂丂丂丂丂丂丂丂丂丂丂丂丂丂丂丂丂丂丂丂丂丂丂丂丂丂丂,06400丂丂傾儖僣僴僀儅乕昦丂丂丂丂丂丂丂丂丂丂丂丂丂丂丂丂丂丂丂丂丂丂丂丂丂丂丂,06500丂丂偦偺懠偺恄宱宯偺幘姵丂丂丂丂丂丂丂丂丂丂丂丂丂丂丂丂丂丂丂丂丂丂丂丂丂,07000丂娽媦傃晅懏婍偺幘姵丂丂丂丂丂丂丂丂丂丂丂丂丂丂丂丂丂丂丂丂丂丂丂丂丂丂丂,08000丂帹媦傃擕條撍婲偺幘姵丂丂丂丂丂丂丂丂丂丂丂丂丂丂丂丂丂丂丂丂丂丂丂丂丂丂,09000丂弞娐婍宯偺幘姵丂丂丂丂丂丂丂丂丂丂丂丂丂丂丂丂丂丂丂丂丂丂丂丂丂丂丂丂丂,09100丂丂崅寣埑惈幘姵丂丂丂丂丂丂丂丂丂丂丂丂丂丂丂丂丂丂丂丂丂丂丂丂丂丂丂丂丂,09101丂丂丂崅寣埑惈怱幘姵媦傃怱恡幘姵丂丂丂丂丂丂丂丂丂丂丂丂丂丂丂丂丂丂丂丂丂,09102丂丂丂偦偺懠偺崅寣埑惈幘姵丂丂丂丂丂丂丂丂丂丂丂丂丂丂丂丂丂丂丂丂丂丂丂丂,09200丂丂怱幘姵乮崅寣埑惈傪彍偔乯丂丂丂丂丂丂丂丂丂丂丂丂丂丂丂丂丂丂丂丂丂丂丂,09201丂丂丂枬惈儕僂儅僠惈怱幘姵丂丂丂丂丂丂丂丂丂丂丂丂丂丂丂丂丂丂丂丂丂丂丂丂,09202丂丂丂媫惈怱嬝峓嵡丂丂丂丂丂丂丂丂丂丂丂丂丂丂丂丂丂丂丂丂丂丂丂丂丂丂丂丂,09203丂丂丂偦偺懠偺嫊寣惈怱幘姵丂丂丂丂丂丂丂丂丂丂丂丂丂丂丂丂丂丂丂丂丂丂丂丂,09204丂丂丂枬惈旕儕僂儅僠惈怱撪枌幘姵丂丂丂丂丂丂丂丂丂丂丂丂丂丂丂丂丂丂丂丂丂,09205丂丂丂怱嬝徢丂丂丂丂丂丂丂丂丂丂丂丂丂丂丂丂丂丂丂丂丂丂丂丂丂丂丂丂丂丂丂,09206丂丂丂晄惍柆媦傃揱摫忈奞丂丂丂丂丂丂丂丂丂丂丂丂丂丂丂丂丂丂丂丂丂丂丂丂丂,09207丂丂丂怱晄慡丂丂丂丂丂丂丂丂丂丂丂丂丂丂丂丂丂丂丂丂丂丂丂丂丂丂丂丂丂丂丂,09208丂丂丂偦偺懠偺怱幘姵丂丂丂丂丂丂丂丂丂丂丂丂丂丂丂丂丂丂丂丂丂丂丂丂丂丂丂,09300丂丂擼寣娗幘姵丂丂丂丂丂丂丂丂丂丂丂丂丂丂丂丂丂丂丂丂丂丂丂丂丂丂丂丂丂丂,09301丂丂丂偔傕枌壓弌寣丂丂丂丂丂丂丂丂丂丂丂丂丂丂丂丂丂丂丂丂丂丂丂丂丂丂丂丂,09302丂丂丂擼撪弌寣丂丂丂丂丂丂丂丂丂丂丂丂丂丂丂丂丂丂丂丂丂丂丂丂丂丂丂丂丂丂,09303丂丂丂擼峓嵡丂丂丂丂丂丂丂丂丂丂丂丂丂丂丂丂丂丂丂丂丂丂丂丂丂丂丂丂丂丂丂,09304丂丂丂偦偺懠偺擼寣娗幘姵丂丂丂丂丂丂丂丂丂丂丂丂丂丂丂丂丂丂丂丂丂丂丂丂丂,09400丂丂戝摦柆釒媦傃夝棧丂丂丂丂丂丂丂丂丂丂丂丂丂丂丂丂丂丂丂丂丂丂丂丂丂丂丂,09500丂丂偦偺懠偺弞娐婍宯偺幘姵丂丂丂丂丂丂丂丂丂丂丂丂丂丂丂丂丂丂丂丂丂丂丂丂,10000丂屇媧婍宯偺幘姵丂丂丂丂丂丂丂丂丂丂丂丂丂丂丂丂丂丂丂丂丂丂丂丂丂丂丂丂丂,10100丂丂僀儞僼儖僄儞僓丂丂丂丂丂丂丂丂丂丂丂丂丂丂丂丂丂丂丂丂丂丂丂丂丂丂丂丂,10200丂丂攛墛丂丂丂丂丂丂丂丂丂丂丂丂丂丂丂丂丂丂丂丂丂丂丂丂丂丂丂丂丂丂丂丂丂,10300丂丂媫惈婥娗巟墛丂丂丂丂丂丂丂丂丂丂丂丂丂丂丂丂丂丂丂丂丂丂丂丂丂丂丂丂丂,10400丂丂枬惈暵嵡惈攛幘姵丂丂丂丂丂丂丂丂丂丂丂丂丂丂丂丂丂丂丂丂丂丂丂丂丂丂丂,10500丂丂歜懅丂丂丂丂丂丂丂丂丂丂丂丂丂丂丂丂丂丂丂丂丂丂丂丂丂丂丂丂丂丂丂丂丂,10600丂丂偦偺懠偺屇媧婍宯偺幘姵丂丂丂丂丂丂丂丂丂丂丂丂丂丂丂丂丂丂丂丂丂丂丂丂,10601丂丂丂岆殝惈攛墛丂丂丂丂丂丂丂丂丂丂丂丂丂丂丂丂丂丂丂丂丂丂丂丂丂丂丂丂丂,10602丂丂丂娫幙惈攛幘姵丂丂丂丂丂丂丂丂丂丂丂丂丂丂丂丂丂丂丂丂丂丂丂丂丂丂丂丂,10603丂丂丂偦偺懠偺屇媧婍宯偺幘姵乮10601媦傃10602傪彍偔乯丂丂丂丂丂丂丂丂丂丂丂,11000丂徚壔婍宯偺幘姵丂丂丂丂丂丂丂丂丂丂丂丂丂丂丂丂丂丂丂丂丂丂丂丂丂丂丂丂丂,11100丂丂堓捵釃媦傃廫擇巜挵捵釃丂丂丂丂丂丂丂丂丂丂丂丂丂丂丂丂丂丂丂丂丂丂丂丂,11200丂丂僿儖僯傾媦傃挵暵嵡丂丂丂丂丂丂丂丂丂丂丂丂丂丂丂丂丂丂丂丂丂丂丂丂丂丂,11300丂丂娞幘姵丂丂丂丂丂丂丂丂丂丂丂丂丂丂丂丂丂丂丂丂丂丂丂丂丂丂丂丂丂丂丂丂,11301丂丂丂娞峝曄乮傾儖僐乕儖惈傪彍偔乯丂丂丂丂丂丂丂丂丂丂丂丂丂丂丂丂丂丂丂丂,11302丂丂丂偦偺懠偺娞幘姵丂丂丂丂丂丂丂丂丂丂丂丂丂丂丂丂丂丂丂丂丂丂丂丂丂丂丂,11400丂丂偦偺懠偺徚壔婍宯偺幘姵丂丂丂丂丂丂丂丂丂丂丂丂丂丂丂丂丂丂丂丂丂丂丂丂,12000丂旂晢媦傃旂壓慻怐偺幘姵丂丂丂丂丂丂丂丂丂丂丂丂丂丂丂丂丂丂丂丂丂丂丂丂丂,13000丂嬝崪奿宯媦傃寢崌慻怐偺幘姵丂丂丂丂丂丂丂丂丂丂丂丂丂丂丂丂丂丂丂丂丂丂丂,14000丂恡擜楬惗怋婍宯偺幘姵丂丂丂丂丂丂丂丂丂丂丂丂丂丂丂丂丂丂丂丂丂丂丂丂丂丂,14100丂丂巺媴懱幘姵媦傃恡擜嵶娗娫幙惈幘姵丂丂丂丂丂丂丂丂丂丂丂丂丂丂丂丂丂丂丂,14200丂丂恡晄慡丂丂丂丂丂丂丂丂丂丂丂丂丂丂丂丂丂丂丂丂丂丂丂丂丂丂丂丂丂丂丂丂,14201丂丂丂媫惈恡晄慡丂丂丂丂丂丂丂丂丂丂丂丂丂丂丂丂丂丂丂丂丂丂丂丂丂丂丂丂丂,14202丂丂丂枬惈恡憻昦丂丂丂丂丂丂丂丂丂丂丂丂丂丂丂丂丂丂丂丂丂丂丂丂丂丂丂丂丂,14203丂丂丂徻嵶晄柧偺恡晄慡丂丂丂丂丂丂丂丂丂丂丂丂丂丂丂丂丂丂丂丂丂丂丂丂丂丂,14300丂丂偦偺懠偺恡擜楬惗怋婍宯偺幘姵丂丂丂丂丂丂丂丂丂丂丂丂丂丂丂丂丂丂丂丂丂,15000丂擠怭丆暘曍媦傃嶻偠傚偔丂丂丂丂丂丂丂丂丂丂丂丂丂丂丂丂丂丂丂丂丂丂丂丂丂,16000丂廃嶻婜偵敪惗偟偨昦懺丂丂丂丂丂丂丂丂丂丂丂丂丂丂丂丂丂丂丂丂丂丂丂丂丂丂,16100丂丂擠怭婜娫媦傃戀帣敪堢偵娭楢偡傞忈奞丂丂丂丂丂丂丂丂丂丂丂丂丂丂丂丂丂丂,16200丂丂弌嶻奜彎丂丂丂丂丂丂丂丂丂丂丂丂丂丂丂丂丂丂丂丂丂丂丂丂丂丂丂丂丂丂丂,16300丂丂廃嶻婜偵摿堎揑側屇媧忈奞媦傃怱寣娗忈奞丂丂丂丂丂丂丂丂丂丂丂丂丂丂丂丂,16400丂丂廃嶻婜偵摿堎揑側姶愼徢丂丂丂丂丂丂丂丂丂丂丂丂丂丂丂丂丂丂丂丂丂丂丂丂,16500丂丂戀帣媦傃怴惗帣偺弌寣惈忈奞媦傃寣塼忈奞丂丂丂丂丂丂丂丂丂丂丂丂丂丂丂丂,16600丂丂偦偺懠偺廃嶻婜偵敪惗偟偨昦懺丂丂丂丂丂丂丂丂丂丂丂丂丂丂丂丂丂丂丂丂丂,17000丂愭揤婏宍丆曄宍媦傃愼怓懱堎忢丂丂丂丂丂丂丂丂丂丂丂丂丂丂丂丂丂丂丂丂丂丂,17100丂丂恄宱宯偺愭揤婏宍丂丂丂丂丂丂丂丂丂丂丂丂丂丂丂丂丂丂丂丂丂丂丂丂丂丂丂,17200丂丂弞娐婍宯偺愭揤婏宍丂丂丂丂丂丂丂丂丂丂丂丂丂丂丂丂丂丂丂丂丂丂丂丂丂丂,17201丂丂丂怱憻偺愭揤婏宍丂丂丂丂丂丂丂丂丂丂丂丂丂丂丂丂丂丂丂丂丂丂丂丂丂丂丂,17202丂丂丂偦偺懠偺弞娐婍宯偺愭揤婏宍丂丂丂丂丂丂丂丂丂丂丂丂丂丂丂丂丂丂丂丂丂,17300丂丂徚壔婍宯偺愭揤婏宍丂丂丂丂丂丂丂丂丂丂丂丂丂丂丂丂丂丂丂丂丂丂丂丂丂丂,17400丂丂偦偺懠偺愭揤婏宍媦傃曄宍丂丂丂丂丂丂丂丂丂丂丂丂丂丂丂丂丂丂丂丂丂丂丂,17500丂丂愼怓懱堎忢丆懠偵暘椶偝傟側偄傕偺丂丂丂丂丂丂丂丂丂丂丂丂丂丂丂丂丂丂丂,18000丂徢忬丆挜岓媦傃堎忢椪彴強尒丒堎忢専嵏強尒偱懠偵暘椶偝傟側偄傕偺丂丂丂丂丂,18100丂丂榁悐丂丂丂丂丂丂丂丂丂丂丂丂丂丂丂丂丂丂丂丂丂丂丂丂丂丂丂丂丂丂丂丂丂,18200丂丂擕梒帣撍慠巰徢岓孮丂丂丂丂丂丂丂丂丂丂丂丂丂丂丂丂丂丂丂丂丂丂丂丂丂丂,18300丂丂偦偺懠偺徢忬丆挜岓媦傃堎忢椪彴強尒丒堎忢専嵏強尒偱懠偵暘椶偝傟側偄傕偺,20000丂彎昦媦傃巰朣偺奜場丂丂丂丂丂丂丂丂丂丂丂丂丂丂丂丂丂丂丂丂丂丂丂丂丂丂丂,20100丂丂晄椂偺帠屘丂丂丂丂丂丂丂丂丂丂丂丂丂丂丂丂丂丂丂丂丂丂丂丂丂丂丂丂丂丂,20101丂丂丂岎捠帠屘丂丂丂丂丂丂丂丂丂丂丂丂丂丂丂丂丂丂丂丂丂丂丂丂丂丂丂丂丂丂,20102丂丂丂揮搢丒揮棊丒捘棊丂丂丂丂丂丂丂丂丂丂丂丂丂丂丂丂丂丂丂丂丂丂丂丂丂丂,20103丂丂丂晄椂偺揗巰媦傃揗悈丂丂丂丂丂丂丂丂丂丂丂丂丂丂丂丂丂丂丂丂丂丂丂丂丂,20104丂丂丂晄椂偺拏懅丂丂丂丂丂丂丂丂丂丂丂丂丂丂丂丂丂丂丂丂丂丂丂丂丂丂丂丂丂,20105丂丂丂墝丆壩媦傃壩墛傊偺敇業丂丂丂丂丂丂丂丂丂丂丂丂丂丂丂丂丂丂丂丂丂丂丂,20106丂丂丂桳奞暔幙偵傛傞晄椂偺拞撆媦傃桳奞暔幙傊偺敇業丂丂丂丂丂丂丂丂丂丂丂丂,20107丂丂丂偦偺懠偺晄椂偺帠屘丂丂丂丂丂丂丂丂丂丂丂丂丂丂丂丂丂丂丂丂丂丂丂丂丂,20200丂丂帺嶦丂丂丂丂丂丂丂丂丂丂丂丂丂丂丂丂丂丂丂丂丂丂丂丂丂丂丂丂丂丂丂丂丂,20300丂丂懠嶦丂丂丂丂丂丂丂丂丂丂丂丂丂丂丂丂丂丂丂丂丂丂丂丂丂丂丂丂丂丂丂丂丂,20400丂丂偦偺懠偺奜場丂丂丂丂丂丂丂丂丂丂丂丂丂丂丂丂丂丂丂丂丂丂丂丂丂丂丂丂丂,22000丂摿庩栚揑梡僐乕僪丂丂丂丂丂丂丂丂丂丂丂丂丂丂丂丂丂丂丂丂丂丂丂丂丂丂丂丂,22100丂丂廳徢媫惈屇媧婍徢岓孮乵俽俙俼俽乶丂丂丂丂丂丂丂丂丂丂丂丂丂丂丂丂丂丂丂,22200丂丂偦偺懠偺摿庩栚揑梡僐乕僪丂丂丂丂丂丂丂丂丂丂丂丂丂丂丂丂丂丂丂丂丂丂丂,22201丂丂丂怴宆僐儘僫僂僀儖僗姶愼徢丂丂丂丂丂丂丂丂丂丂丂丂丂丂丂丂丂丂丂丂丂丂,22202丂丂丂怴宆僐儘僫僂僀儖僗姶愼徢儚僋僠儞丂丂丂丂丂丂丂丂丂丂丂丂丂丂丂丂丂丂,22203丂丂丂偦偺懠偺摿庩栚揑梡僐乕僪乮22201媦傃22202傪彍偔乯丂丂丂丂丂丂丂丂丂丂
慡丂崙,1334.5,20.4,1.9,1.2,1.0,0.2,9.7,1.2,0.3,0.8,0.2,0.0,6.3,330.9,319.3,7.1,8.8,31.5,31.8,13.4,18.7,14.3,34.3,0.6,62.8,1.6,13.3,11.5,8.3,23.4,8.1,2.7,11.8,8.3,3.6,25.1,11.6,2.1,9.4,4.1,2.1,1.9,21.3,12.4,8.9,23.2,20.5,2.7,52.3,0.3,2.3,12.0,21.3,16.4,0.0,0.0,308.4,9.8,5.0,4.8,188.2,1.6,23.5,32.7,9.6,2.7,29.9,82.1,6.1,85.5,9.2,27.1,46.7,2.5,17.0,7.9,170.4,2.4,66.6,0.2,13.8,0.9,86.5,52.9,20.3,13.3,49.6,2.1,7.1,15.7,7.1,8.6,24.8,3.3,9.2,41.9,4.9,24.7,2.5,18.4,3.7,12.3,0.0,0.3,0.0,0.0,0.2,0.0,0.0,0.0,1.6,0.1,0.6,0.4,0.2,0.1,0.5,0.3,205.5,172.0,0.0,33.5,62.1,38.0,2.9,9.9,8.2,6.8,0.8,0.5,8.9,16.3,0.2,7.6,29.8,-,29.8,29.8,0.0,-
01 杒奀摴,1539.5,26.5,2.4,1.0,0.9,0.1,15.3,1.4,0.4,0.7,0.3,0.0,6.3,424.2,408.8,8.4,10.3,36.8,41.7,18.3,22.3,17.4,46.9,0.7,92.8,1.9,17.2,12.3,9.2,27.3,11.3,2.9,13.2,8.7,3.9,29.9,15.3,2.6,12.7,5.6,2.6,3.0,21.9,14.3,7.7,32.2,28.1,4.1,64.1,0.3,2.8,12.4,28.0,20.6,-,-,370.6,10.6,6.8,3.8,212.9,1.6,22.5,29.2,12.6,3.0,31.5,104.1,8.4,99.0,12.2,29.3,54.4,3.1,21.4,26.7,180.2,2.8,79.1,0.4,15.8,0.9,81.2,42.2,24.5,14.5,60.8,2.1,9.3,17.7,7.8,9.9,31.6,2.9,10.2,59.3,5.8,37.7,4.6,27.6,5.6,15.8,-,0.3,0.0,-,0.2,-,0.1,0.0,1.9,0.0,0.9,0.4,0.5,0.1,0.5,0.3,172.8,155.4,0.2,17.3,69.5,41.2,2.6,11.1,9.2,8.5,1.1,1.0,7.7,18.5,0.3,9.5,36.5,-,36.5,36.5,-,-
02 惵怷導,1772.8,19.9,2.2,1.5,1.3,0.2,9.1,1.6,0.4,0.8,0.3,-,5.5,453.0,437.4,10.3,14.2,42.9,51.4,21.4,23.7,25.0,44.9,1.6,83.4,1.5,17.2,13.1,12.8,30.2,12.4,2.2,12.4,7.1,3.9,34.2,15.6,2.4,13.1,4.7,2.4,2.2,30.6,19.8,10.8,42.2,37.6,4.6,76.0,0.3,2.4,11.5,44.5,17.3,-,-,413.3,12.0,6.8,5.2,244.9,1.2,32.1,18.4,12.4,2.9,62.2,113.2,2.5,124.4,11.4,36.3,74.2,2.5,23.6,8.4,223.2,2.3,117.5,-,15.8,1.2,86.4,48.6,23.2,14.6,61.1,2.0,9.2,18.9,8.1,10.8,30.9,3.3,8.5,57.0,7.0,36.0,3.6,26.3,6.1,14.0,-,0.3,0.1,-,0.3,-,-,-,1.9,0.1,0.6,0.4,0.2,0.1,0.8,0.3,256.3,211.1,0.2,44.9,77.2,51.4,5.4,9.2,13.5,8.9,2.1,0.6,11.8,18.9,0.1,6.7,44.4,-,44.4,44.4,-,-
03 娾庤導,1735.2,17.7,1.7,1.6,1.1,0.4,8.6,1.5,0.3,0.8,0.4,-,4.4,412.8,398.3,7.3,11.8,36.1,44.8,19.3,20.5,21.6,42.2,0.9,74.2,2.1,14.1,11.1,10.4,28.1,10.6,3.6,17.7,7.9,4.2,34.7,14.5,3.3,11.2,4.7,2.1,2.6,31.3,18.3,13.0,27.4,22.9,4.5,76.9,0.2,3.4,15.3,39.9,18.2,-,0.1,451.3,10.9,5.5,5.5,252.3,2.6,20.2,19.9,11.7,1.7,93.6,98.1,4.6,159.8,19.3,52.4,84.7,3.4,20.4,7.9,192.4,3.0,78.7,0.1,14.8,1.4,94.4,57.9,23.9,12.6,60.0,3.4,9.0,16.9,7.0,10.0,30.7,3.9,11.7,52.1,5.2,33.0,3.2,26.2,3.6,13.9,0.2,0.1,-,-,0.1,-,-,-,2.0,0.1,0.7,0.4,0.4,-,0.5,0.7,259.5,234.0,-,25.5,81.7,49.4,3.2,14.4,7.5,9.4,2.0,0.5,12.3,22.3,0.2,9.9,49.4,-,49.4,49.4,-,-
04 媨忛導,1307.1,16.8,1.9,1.1,1.0,0.1,7.6,1.2,0.1,0.8,0.3,-,4.9,332.6,321.7,6.6,9.2,31.6,34.3,12.6,16.6,15.5,37.2,0.5,61.5,1.1,12.9,13.1,8.1,23.9,8.5,2.3,12.3,7.5,4.3,24.7,10.9,1.5,9.4,4.3,2.3,2.1,19.6,11.5,8.2,25.7,22.2,3.5,62.3,0.1,2.5,12.3,28.9,18.4,-,-,332.7,11.8,4.0,7.8,187.5,1.8,17.9,27.4,9.9,4.6,50.2,71.8,3.8,108.9,11.4,42.0,52.6,2.9,18.7,5.9,131.0,1.5,48.6,0.4,11.9,0.7,68.0,41.6,16.6,9.7,46.6,2.1,7.6,12.8,6.2,6.5,24.2,2.1,8.5,37.0,3.6,22.3,1.9,17.4,3.0,11.2,0.2,0.3,0.0,-,0.2,-,-,0.0,1.6,0.1,0.7,0.5,0.2,0.1,0.4,0.3,198.0,182.1,-,16.0,58.8,32.6,2.5,9.3,4.6,6.5,0.9,0.4,8.4,17.1,0.1,9.0,29.0,-,29.0,28.9,0.0,-
05 廐揷導,1955.2,21.7,1.5,1.2,1.2,-,10.1,1.3,0.6,0.6,0.2,-,7.5,475.5,458.0,9.8,14.0,58.2,51.5,18.5,23.5,31.5,47.1,1.3,74.6,2.1,16.4,15.4,14.3,30.1,11.7,3.6,13.1,10.5,5.4,35.1,17.5,3.3,14.3,6.7,2.8,3.9,36.1,20.7,15.5,44.4,39.1,5.4,106.5,0.1,2.5,17.4,62.7,23.8,-,-,436.8,12.8,5.9,6.8,239.4,4.7,17.8,17.5,14.6,3.3,37.8,140.0,3.7,154.4,13.6,42.1,89.5,9.3,21.2,9.0,222.3,1.8,90.8,-,14.7,0.8,114.3,76.1,21.5,16.6,69.7,3.3,13.1,18.1,8.4,9.7,35.2,3.6,11.0,66.3,9.5,36.8,3.8,28.2,4.8,20.0,-,0.1,-,-,0.1,-,-,-,2.5,-,0.9,0.6,0.3,-,1.1,0.4,311.9,257.4,-,54.5,90.2,54.2,4.3,11.9,14.6,11.1,1.6,0.6,10.2,20.0,0.1,15.9,49.7,-,49.7,49.7,-,-
06 嶳宍導,1685.4,16.8,1.1,0.7,0.5,0.2,7.7,1.2,0.2,0.9,0.1,0.1,6.0,394.0,380.3,6.6,10.5,49.2,34.6,15.4,19.6,23.8,40.8,0.4,72.5,1.8,12.0,14.4,9.1,33.9,8.6,3.1,11.8,8.0,4.2,29.1,13.7,2.4,11.3,3.9,1.8,2.1,23.1,10.5,12.6,36.6,32.2,4.4,81.9,0.4,4.1,13.1,46.7,17.7,-,-,398.9,8.1,4.4,3.7,242.3,1.9,45.4,37.2,12.2,4.3,33.5,102.5,5.4,117.6,11.1,30.1,74.8,1.6,23.0,8.0,189.6,1.6,74.8,0.2,16.3,0.6,96.1,58.2,22.7,15.2,63.7,2.8,11.8,16.3,6.9,9.4,32.9,3.4,8.5,57.6,6.4,37.0,2.6,29.8,4.6,14.3,-,0.4,-,-,0.2,-,0.1,0.1,2.3,0.1,0.7,0.4,0.3,-,0.8,0.7,301.3,281.1,-,20.2,67.7,38.6,2.5,9.4,9.2,7.8,0.5,0.8,8.4,15.6,0.2,13.4,35.7,-,35.7,35.7,-,-
07 暉搰導,1585.7,17.9,2.0,0.9,0.7,0.2,8.4,1.1,0.2,0.7,0.2,-,5.5,369.9,355.7,6.8,8.4,36.9,39.3,15.8,20.1,18.2,36.4,0.5,69.0,1.9,12.5,11.9,9.7,26.5,9.3,2.6,13.2,9.3,3.9,27.4,14.2,2.6,11.6,4.5,3.2,1.3,31.1,17.7,13.4,37.2,33.7,3.5,65.3,0.2,3.9,11.4,32.1,17.7,-,-,391.7,13.6,6.1,7.5,226.3,5.4,30.7,27.4,13.3,3.1,45.3,93.9,7.3,121.9,13.2,35.0,70.9,2.8,22.0,7.9,178.7,2.6,76.9,0.2,15.4,1.5,82.1,42.1,25.5,14.5,57.6,1.7,9.4,16.2,7.8,8.4,30.2,4.1,12.5,46.0,5.5,27.5,2.3,21.3,3.9,13.1,-,0.2,-,0.1,0.1,-,-,0.1,2.0,0.1,0.9,0.6,0.2,0.1,0.5,0.5,244.5,200.5,-,44.0,80.5,53.4,3.5,14.6,11.4,10.6,1.6,0.9,10.8,19.5,-,7.6,42.1,-,42.1,42.1,-,-
08 堬忛導,1433.8,20.8,1.6,1.0,0.9,0.1,10.8,1.2,0.1,1.0,0.1,0.0,6.2,349.6,338.5,6.4,8.5,37.4,36.5,14.8,19.8,15.5,32.8,0.4,64.6,2.2,13.5,11.4,9.0,24.9,9.2,2.7,13.3,8.2,4.8,25.3,11.2,2.7,8.5,3.6,2.2,1.3,22.4,14.9,7.5,23.5,20.7,2.8,43.2,0.3,2.9,10.9,14.9,14.2,-,-,343.9,8.9,5.0,3.9,203.0,1.6,41.6,24.6,10.0,2.2,26.9,92.2,3.9,105.8,11.9,36.1,53.7,4.1,19.7,6.4,183.2,3.2,86.5,0.1,14.7,1.1,77.5,43.9,20.5,13.1,57.3,2.0,8.8,17.3,8.4,8.9,29.2,3.6,10.5,42.8,4.4,24.3,2.6,18.0,3.7,14.1,0.1,0.3,0.0,-,0.1,-,0.0,0.0,1.8,0.1,0.6,0.4,0.2,0.0,0.6,0.4,226.8,181.8,-,45.0,64.6,40.7,4.4,10.5,7.3,7.3,1.1,0.3,9.8,16.6,0.1,7.2,36.0,-,36.0,36.0,-,-
09 撊栘導,1396.6,18.6,1.5,0.8,0.6,0.2,8.1,1.2,0.2,0.9,0.2,-,7.0,340.3,327.7,6.1,9.1,36.3,31.8,15.1,18.3,15.1,33.6,0.5,63.4,1.9,12.6,11.0,10.2,21.3,8.6,3.3,13.2,8.1,3.4,26.1,12.6,3.0,9.6,3.7,1.6,2.0,18.7,12.7,6.0,25.6,22.4,3.2,49.5,0.3,2.3,10.9,20.5,15.4,-,-,347.5,8.9,3.8,5.1,203.8,1.8,25.7,65.8,10.4,2.4,23.3,69.0,5.4,112.5,12.0,38.4,58.6,3.4,17.1,5.3,167.8,2.0,76.0,0.3,12.5,0.2,76.8,41.0,23.3,12.5,54.6,1.4,8.8,16.3,7.8,8.5,28.1,3.3,9.0,42.8,5.6,24.1,3.0,17.4,3.7,13.1,-,0.2,-,-,0.1,-,0.1,0.1,1.9,0.1,0.7,0.4,0.2,0.1,0.6,0.5,221.8,177.5,-,44.3,57.9,34.0,3.7,10.7,3.8,6.8,1.3,0.2,7.5,16.6,0.2,7.2,33.3,-,33.3,33.3,-,-
10 孮攏導,1504.7,23.2,1.7,1.2,1.0,0.2,12.2,1.1,0.1,1.0,0.1,-,7.0,352.6,339.4,7.7,8.4,37.3,36.5,17.0,20.2,15.6,32.5,0.8,67.2,1.7,15.0,12.5,8.0,27.1,8.4,3.0,11.2,6.8,4.1,22.0,13.2,2.5,10.7,3.9,1.7,2.2,23.5,15.2,8.2,30.4,28.3,2.1,58.8,0.2,3.1,10.4,27.1,18.1,-,-,383.5,19.7,11.0,8.7,203.0,1.8,16.9,18.3,9.3,2.7,21.5,86.4,46.2,105.5,10.3,32.7,59.7,2.8,17.4,37.9,209.8,3.3,88.2,0.5,14.9,1.0,102.0,62.2,26.3,13.4,60.6,2.7,9.6,16.2,8.6,7.6,32.1,4.0,10.0,43.3,4.6,25.6,2.7,18.6,4.3,13.1,0.2,0.7,-,0.1,0.5,-,-,0.1,1.8,-,0.9,0.4,0.5,0.1,0.4,0.3,188.0,176.3,-,11.8,72.5,43.8,3.7,12.1,12.8,6.7,0.5,0.2,7.8,18.7,0.4,9.6,38.2,-,38.2,38.2,-,-
11 嶉嬍導,1219.6,20.1,1.3,1.0,0.8,0.2,10.3,1.1,0.3,0.8,0.1,0.1,6.2,308.2,298.0,6.8,8.1,29.9,30.8,13.2,16.1,12.7,30.1,0.7,56.7,1.6,14.5,12.4,8.9,23.9,7.4,2.3,10.9,7.4,3.3,23.0,10.2,1.8,8.4,3.8,2.1,1.7,18.7,11.9,6.8,19.2,16.8,2.5,42.9,0.2,1.9,10.9,16.7,13.1,-,0.1,270.8,7.6,3.0,4.6,169.9,1.2,22.9,42.2,7.0,1.9,21.2,70.3,3.3,72.1,8.6,21.4,40.1,2.0,15.6,5.6,160.8,2.2,73.0,0.1,11.8,0.6,72.9,40.0,20.7,12.2,43.5,1.8,6.0,13.4,6.6,6.8,22.4,2.9,8.2,34.2,3.0,20.0,1.9,14.9,3.2,11.3,-,0.2,0.0,-,0.1,0.0,-,0.1,1.5,0.0,0.5,0.4,0.2,0.1,0.5,0.3,206.8,148.3,0.1,58.4,49.2,27.1,2.3,7.9,3.2,5.4,0.7,0.3,7.2,16.9,0.1,5.2,28.5,-,28.5,28.5,-,-
12 愮梩導,1240.9,18.0,1.5,1.1,1.0,0.1,9.1,0.9,0.1,0.7,0.1,0.0,5.4,315.4,303.6,6.8,8.7,29.8,30.2,12.9,17.5,12.7,32.0,0.6,59.7,1.5,12.1,12.4,8.7,24.3,7.9,2.7,10.2,7.1,3.4,25.1,11.8,2.2,9.7,3.5,1.8,1.6,23.5,16.3,7.2,19.0,16.4,2.6,42.4,0.3,2.3,11.6,13.6,14.7,-,0.0,309.1,21.3,6.5,14.7,186.8,1.3,24.4,22.7,8.1,2.5,45.1,75.8,7.0,79.9,8.6,24.8,43.4,3.1,15.6,5.5,161.2,2.1,70.0,0.1,11.5,0.7,76.7,45.8,18.9,12.0,44.7,1.6,7.1,14.1,7.0,7.1,21.9,3.5,8.0,37.8,4.0,21.7,2.4,15.2,4.1,12.1,0.1,0.2,0.0,-,0.1,0.0,0.0,0.1,1.4,0.0,0.7,0.4,0.3,-,0.4,0.2,176.6,148.1,0.0,28.5,50.4,28.3,3.0,9.2,2.2,5.2,1.0,0.2,7.3,15.4,0.1,6.6,26.1,-,26.1,26.1,0.0,-
13 搶嫗搒,1042.3,16.1,1.2,1.1,0.9,0.2,7.8,0.7,0.2,0.4,0.1,0.1,5.2,266.0,257.1,6.2,8.7,23.3,25.4,10.2,13.3,10.8,28.8,0.4,49.1,1.3,13.2,10.2,7.4,19.6,6.9,2.1,9.4,6.5,2.5,20.3,8.9,1.8,7.1,3.1,1.8,1.3,17.3,9.7,7.6,15.8,14.4,1.4,38.1,0.3,1.6,9.7,13.7,12.7,-,0.0,239.2,4.9,3.3,1.5,153.3,1.2,14.1,58.1,7.4,2.1,14.4,52.9,3.1,62.3,6.9,22.3,31.4,1.7,13.8,4.8,125.3,2.1,47.4,0.1,11.0,0.7,64.0,38.3,15.9,9.8,40.9,2.6,5.5,15.0,5.2,9.8,17.8,2.7,7.2,28.9,3.0,16.8,1.7,12.7,2.4,9.1,0.1,0.3,0.0,0.0,0.1,0.0,0.0,0.0,1.3,0.1,0.5,0.3,0.2,0.1,0.4,0.2,170.7,144.0,0.0,26.7,47.5,28.2,1.6,8.4,5.3,4.0,0.4,0.6,8.0,14.6,0.1,4.6,22.0,-,22.0,22.0,-,-
14 恄撧愳導,1141.7,16.1,1.4,0.9,0.7,0.2,8.0,0.9,0.2,0.6,0.1,0.1,4.9,293.4,283.4,7.0,9.0,26.4,29.2,12.6,15.0,12.1,30.8,0.6,52.5,1.6,13.7,11.4,8.1,21.0,6.8,2.4,10.3,7.4,3.1,22.6,10.0,1.7,8.2,3.2,1.8,1.4,13.9,8.1,5.8,17.4,15.6,1.8,43.6,0.3,1.9,11.8,15.6,14.0,0.0,0.0,256.4,3.5,2.1,1.4,164.6,1.1,18.2,32.9,7.6,2.0,12.8,87.0,3.0,68.0,7.1,24.6,35.3,1.1,15.2,5.1,140.0,2.0,47.6,0.2,12.1,0.7,77.4,49.2,16.7,11.5,44.0,1.7,6.0,17.0,8.2,8.9,19.3,2.5,8.8,30.6,2.6,18.2,1.9,13.7,2.7,9.8,0.0,0.4,0.0,0.0,0.2,0.0,0.0,0.1,1.5,0.0,0.5,0.3,0.2,0.0,0.5,0.5,184.9,176.8,0.0,8.2,62.0,38.3,1.9,7.1,15.9,4.4,0.5,0.3,8.2,14.8,0.3,8.6,23.0,-,23.0,23.0,-,-
15 怴妰導,1590.9,17.5,1.9,1.0,0.9,0.1,8.0,0.7,0.1,0.4,0.1,0.0,5.9,385.7,370.3,8.5,12.4,44.9,39.2,15.6,16.6,21.0,39.3,0.7,68.6,1.5,14.0,11.4,7.7,25.7,9.5,3.4,13.4,8.1,3.2,28.1,15.4,3.0,12.5,4.9,2.5,2.5,25.6,15.2,10.4,46.0,40.6,5.4,95.7,0.2,2.5,14.9,52.5,25.6,-,0.0,365.6,12.0,4.8,7.2,200.8,2.3,21.6,14.5,15.4,4.1,47.6,91.4,3.8,127.6,11.7,37.0,76.7,2.2,16.7,8.6,156.8,1.0,57.4,0.1,12.5,0.7,85.2,52.0,21.5,11.7,53.1,2.1,10.1,13.2,5.5,7.7,27.7,2.7,10.8,43.8,5.0,24.5,1.7,19.0,3.8,14.3,-,0.2,-,-,0.1,0.0,-,-,2.4,0.1,1.1,0.6,0.5,-,0.7,0.5,275.0,224.1,0.0,50.9,76.8,47.2,3.4,14.2,8.8,9.0,1.2,0.6,10.1,20.5,0.3,8.8,28.2,-,28.2,28.2,-,-
16 晉嶳導,1558.9,18.8,2.0,1.0,1.0,-,9.9,0.4,0.2,0.2,-,-,5.5,378.2,368.1,6.8,10.4,41.1,37.6,17.5,18.5,17.5,39.9,0.5,65.4,1.3,14.1,12.6,9.4,24.5,9.0,3.5,16.0,9.2,3.9,32.8,10.2,1.6,8.5,4.8,1.8,3.0,22.5,14.9,7.6,34.8,31.5,3.3,61.4,0.4,2.9,11.0,30.5,16.6,-,0.1,347.0,11.0,5.3,5.6,195.5,1.5,32.8,18.5,10.6,3.0,19.1,106.7,3.4,114.3,12.2,33.4,65.7,3.0,18.4,7.9,177.3,1.7,67.1,-,16.2,0.7,91.5,58.8,18.1,14.6,59.2,3.8,9.4,17.6,8.4,9.1,28.4,3.5,11.7,44.9,5.3,28.0,2.6,21.5,4.0,11.5,-,0.3,0.1,-,-,-,0.2,-,1.2,0.1,0.3,0.3,-,0.1,0.4,0.3,280.8,231.3,-,49.5,82.6,60.5,3.3,9.3,24.8,9.7,1.6,0.3,11.4,15.0,0.3,6.9,29.7,-,29.7,29.7,-,-
17 愇愳導,1393.3,20.2,2.3,0.6,0.6,0.1,8.3,1.5,-,1.3,0.2,-,7.4,338.7,328.7,8.7,8.2,32.5,35.0,12.7,21.9,16.2,37.2,0.8,61.4,1.6,12.1,9.2,9.2,22.0,8.0,2.9,12.0,9.5,4.2,23.7,10.0,2.2,7.8,4.0,1.9,2.0,25.9,15.6,10.3,27.2,24.4,2.8,53.8,0.2,2.4,8.6,25.0,17.6,-,-,325.9,13.1,5.3,7.8,186.9,1.9,32.6,21.6,11.0,3.2,26.0,88.0,2.6,99.5,9.5,25.5,61.4,3.2,19.2,7.1,172.3,1.9,58.3,0.1,13.6,1.3,97.1,65.1,17.0,15.1,54.4,2.2,10.0,15.4,7.1,8.2,26.8,2.4,9.1,41.5,5.7,22.8,2.8,16.9,3.2,13.0,-,0.1,-,0.1,-,-,-,-,1.6,0.1,0.4,0.2,0.2,0.1,0.7,0.3,214.3,181.2,-,33.1,77.7,59.2,3.5,7.9,9.3,9.8,1.0,0.7,27.0,13.0,0.1,5.4,24.4,-,24.4,24.4,-,-
18 暉堜導,1457.7,22.2,2.8,1.0,0.7,0.3,10.1,1.4,0.4,0.7,0.3,-,6.9,337.4,325.0,5.5,5.4,35.1,31.1,14.3,17.8,16.4,36.6,0.8,61.3,1.9,12.2,10.3,10.1,24.6,9.7,1.7,12.6,9.4,4.6,26.1,12.5,1.7,10.8,4.4,2.5,1.9,24.3,14.3,10.0,30.7,27.2,3.5,60.1,0.1,2.5,11.1,28.8,17.5,-,-,348.3,10.7,6.8,3.9,212.9,1.0,39.7,23.7,8.7,3.3,26.1,106.1,4.3,93.3,9.6,27.5,53.8,2.5,16.2,15.1,210.4,2.8,86.1,-,12.5,1.4,107.6,69.9,22.1,15.7,48.1,1.4,6.0,16.5,7.9,8.6,24.3,3.9,11.5,47.4,6.0,27.9,3.1,17.3,7.5,13.6,-,-,-,-,-,-,-,-,1.8,-,0.7,0.7,-,0.1,0.8,0.1,198.3,183.2,0.1,15.0,76.6,51.5,4.4,12.8,15.7,7.4,0.7,0.7,9.8,14.3,0.1,10.7,32.3,-,32.3,32.3,-,-
19 嶳棞導,1457.2,19.0,2.7,0.9,0.7,0.3,7.2,2.0,0.3,1.4,0.3,-,6.2,334.2,322.2,7.8,7.7,31.7,31.5,11.6,21.1,19.2,38.1,1.0,56.8,1.3,13.8,12.5,9.0,25.9,8.1,2.5,12.5,7.0,4.2,22.8,12.0,2.5,9.5,4.8,3.0,1.8,22.2,15.1,7.2,29.3,24.7,4.6,65.1,0.1,3.0,14.4,30.3,17.3,-,-,326.4,11.2,5.2,6.0,193.5,1.3,27.0,13.4,12.0,4.0,31.1,99.0,5.7,92.1,9.2,27.0,54.0,1.8,22.2,7.4,173.9,4.0,65.1,0.1,18.1,1.0,85.4,47.9,25.9,11.7,53.7,3.0,8.3,15.3,5.9,9.5,27.0,4.7,11.3,47.5,5.1,29.3,2.6,22.6,4.0,13.1,-,0.1,-,-,-,-,0.1,-,2.0,-,0.4,0.3,0.1,0.3,0.9,0.4,245.4,189.2,-,56.2,80.2,54.7,4.4,17.0,15.3,7.3,1.3,0.5,8.8,17.0,0.4,8.1,37.5,-,37.5,37.5,-,-
20 挿栰導,1486.3,17.5,2.1,1.0,0.9,0.1,6.7,1.1,0.2,0.8,0.1,0.1,6.5,339.5,326.5,6.3,7.7,33.9,35.7,14.0,18.8,16.3,38.3,0.8,54.6,2.1,11.6,11.2,9.7,26.4,9.1,3.5,13.6,8.4,4.6,23.6,13.0,2.2,10.7,3.9,2.6,1.3,24.5,14.0,10.4,38.8,33.7,5.1,61.5,0.2,3.3,14.4,24.8,18.8,-,0.1,351.1,10.6,6.6,4.0,202.4,1.7,29.8,19.4,13.3,2.5,38.8,91.5,5.4,106.5,10.5,28.9,63.7,3.3,23.1,8.5,163.4,1.8,53.7,0.2,16.2,1.2,90.3,51.9,24.3,14.0,53.1,2.5,9.8,13.4,5.3,8.0,27.4,3.4,11.1,43.8,6.4,22.9,1.6,17.0,4.3,14.5,-,0.3,-,-,0.2,-,0.1,0.1,1.9,0.1,0.7,0.5,0.3,0.1,0.6,0.5,260.3,225.3,0.1,34.9,78.0,52.2,3.4,14.4,14.4,7.9,1.4,0.5,10.2,17.2,0.3,8.3,34.3,-,34.3,34.3,-,-
21 婒晫導,1429.7,21.4,2.7,0.9,0.8,0.1,8.8,2.0,0.5,1.2,0.3,0.1,6.9,344.7,332.1,5.9,7.7,36.7,32.6,14.6,17.3,14.5,35.2,0.6,65.2,1.4,11.9,11.5,8.2,24.3,11.3,2.4,13.8,9.0,4.1,25.9,12.6,2.0,10.6,4.7,2.5,2.2,23.0,11.5,11.5,24.4,21.8,2.7,50.6,0.2,2.4,12.6,19.4,16.0,-,-,310.2,5.1,2.6,2.5,192.5,1.6,30.3,15.8,11.1,2.8,40.5,87.4,3.1,86.2,9.8,27.7,47.1,1.6,19.9,6.4,181.0,2.2,60.4,-,15.2,0.7,102.5,68.3,21.7,12.5,48.7,2.1,7.2,13.3,6.1,7.3,26.2,3.4,8.6,41.9,5.6,25.2,2.9,18.6,3.7,11.2,0.1,0.3,-,-,0.2,-,0.1,-,2.1,0.1,1.0,0.6,0.4,0.1,0.7,0.3,255.8,213.6,-,42.2,75.7,52.9,4.2,13.3,13.5,9.2,1.4,0.6,10.7,16.7,0.2,5.9,33.1,-,33.1,33.1,-,-
22 惷壀導,1439.5,20.5,1.7,1.2,1.0,0.2,9.9,1.1,0.1,0.7,0.3,0.1,6.5,332.2,320.2,6.8,9.0,29.0,31.2,13.6,17.2,14.2,36.0,0.8,60.2,1.7,14.1,12.7,7.3,25.9,8.7,2.9,13.5,8.7,4.4,25.3,12.0,2.3,9.7,4.2,2.1,2.1,22.4,14.2,8.2,24.6,22.0,2.6,49.3,0.3,2.4,12.6,16.5,17.6,-,0.0,336.2,8.1,3.7,4.4,195.0,1.3,28.3,21.0,11.9,2.7,35.2,89.2,5.2,107.2,12.3,41.2,49.3,4.5,18.6,7.4,173.4,2.1,62.7,0.1,15.0,0.5,93.0,55.4,24.4,13.3,48.5,2.5,7.2,13.5,5.7,7.8,25.3,3.4,10.1,41.7,4.3,27.0,2.3,21.4,3.3,10.5,0.1,0.3,-,0.0,0.1,0.0,0.0,0.0,1.3,0.1,0.4,0.2,0.1,0.2,0.3,0.4,276.1,251.8,0.0,24.3,63.1,40.3,3.2,11.0,7.3,7.7,0.6,0.5,10.1,15.5,0.2,7.2,32.0,-,32.0,31.9,0.1,-
23 垽抦導,1153.9,18.9,1.5,1.4,1.2,0.2,8.9,0.8,0.2,0.5,0.1,0.0,6.4,296.0,286.5,6.5,7.3,30.0,30.4,12.5,15.4,11.8,30.9,0.5,57.7,1.3,11.8,10.7,6.8,18.6,7.2,2.6,10.3,8.3,2.8,21.2,9.5,1.9,7.6,3.4,1.6,1.8,15.1,7.8,7.3,14.5,12.8,1.7,38.4,0.3,2.0,9.8,11.9,14.4,-,-,215.4,4.2,1.6,2.6,119.9,0.8,17.8,15.1,6.1,1.7,20.1,55.5,2.9,68.7,8.6,22.6,35.7,1.8,16.8,5.8,145.9,1.8,48.7,0.0,10.5,0.6,84.4,55.8,17.9,10.7,42.1,1.6,5.7,12.4,6.3,6.1,22.2,3.1,7.4,32.0,3.7,18.6,2.3,13.4,2.9,9.8,0.0,0.5,0.0,0.0,0.3,0.0,0.1,0.1,1.3,0.1,0.5,0.3,0.2,0.1,0.4,0.3,243.6,168.4,0.1,75.1,53.6,32.8,2.6,8.9,7.5,5.9,0.9,0.3,6.7,15.7,0.2,5.1,22.5,-,22.5,22.5,-,-
24 嶰廳導,1455.7,23.4,2.3,1.5,1.2,0.3,10.1,1.2,0.2,0.8,0.1,-,8.4,338.1,325.8,6.5,7.6,35.1,32.9,13.9,16.6,13.9,37.1,0.7,65.7,1.5,10.9,12.0,9.7,22.3,7.5,3.2,12.6,9.1,4.8,24.4,12.3,2.4,9.9,5.3,2.1,3.2,24.0,14.5,9.5,27.6,25.1,2.5,51.1,0.3,2.1,14.4,17.3,16.9,-,0.1,347.1,10.6,4.5,6.1,223.8,1.1,31.3,34.6,9.7,3.4,59.4,79.6,4.6,84.8,8.3,26.4,47.5,2.5,19.6,8.2,174.8,3.4,64.8,0.4,14.6,0.4,91.3,53.9,23.3,14.1,48.7,2.3,5.3,15.8,7.3,8.5,25.2,4.2,8.7,46.8,5.0,26.9,1.6,20.2,5.1,15.0,0.1,0.1,-,-,0.1,-,-,-,1.5,0.1,0.5,0.4,0.1,-,0.4,0.4,260.5,231.0,0.1,29.4,63.6,40.3,3.0,13.3,5.3,8.0,1.0,0.5,9.2,15.3,0.4,7.5,30.1,-,30.1,30.1,-,-
25 帬夑導,1141.4,18.0,1.8,1.0,1.0,-,8.8,0.4,0.1,0.1,0.1,0.1,5.9,291.5,281.4,6.0,7.1,32.2,22.4,10.7,18.5,15.1,30.6,0.7,55.4,1.2,10.4,9.0,8.4,19.3,7.1,3.0,10.2,7.8,3.3,21.6,10.1,1.7,8.4,3.1,2.0,1.1,18.5,9.8,8.8,20.5,18.5,2.1,61.2,0.1,2.5,13.9,26.5,18.2,-,-,263.5,9.7,6.3,3.4,162.6,1.3,37.7,17.1,10.3,3.3,22.9,67.3,2.7,67.1,8.5,18.5,39.3,0.8,17.1,6.8,144.9,2.0,48.5,-,12.5,0.7,81.2,52.5,19.4,9.3,40.6,1.5,5.1,12.4,5.9,6.5,21.6,3.5,8.2,36.7,5.5,21.5,2.6,15.6,3.4,9.6,-,0.6,0.3,-,0.3,-,-,-,1.8,-,0.6,0.5,0.1,0.1,0.7,0.5,142.5,130.6,0.1,11.8,62.6,40.6,3.1,9.7,11.0,8.8,0.5,0.4,7.1,16.1,0.2,5.7,23.8,-,23.8,23.8,0.1,-
26 嫗搒晎,1281.5,19.3,1.8,1.8,1.7,0.1,8.2,1.0,0.3,0.5,0.2,-,6.7,331.9,322.0,6.9,9.3,31.8,30.6,13.2,19.8,14.2,34.2,0.5,67.2,1.1,12.7,11.3,7.8,22.8,7.5,3.0,12.0,7.7,3.9,25.4,9.9,1.8,8.0,4.3,2.2,2.2,19.2,10.5,8.6,26.1,23.9,2.2,59.2,0.4,2.5,13.3,24.3,18.8,-,-,315.3,8.7,5.9,2.7,206.2,1.3,17.0,61.9,8.0,3.0,16.3,95.0,3.8,80.1,8.4,28.9,40.4,2.4,13.3,6.9,159.5,2.0,52.6,0.1,14.3,0.8,89.8,55.6,20.9,13.3,47.8,1.5,6.1,14.7,6.3,8.4,25.4,2.7,10.6,39.0,4.5,22.8,3.1,15.3,4.4,11.6,0.1,0.2,-,-,0.2,-,0.0,-,1.5,0.1,0.5,0.4,0.1,0.0,0.6,0.2,169.8,154.1,-,15.7,48.0,26.5,2.7,9.4,2.1,4.1,0.3,0.4,7.5,14.1,0.2,7.2,27.0,-,27.0,27.0,-,-
27 戝嶃晎,1284.0,23.5,2.3,1.8,1.6,0.2,11.0,1.7,0.4,1.1,0.1,0.0,6.7,326.4,315.0,7.3,9.3,32.0,29.0,12.8,19.6,12.4,32.2,0.7,67.5,1.3,13.1,10.9,6.9,21.9,7.9,2.6,11.4,8.1,3.1,25.0,11.3,1.8,9.5,3.9,2.0,1.9,21.7,11.5,10.2,19.7,17.5,2.2,40.9,0.3,2.4,10.5,13.2,14.5,0.0,0.0,302.9,13.0,9.9,3.1,202.5,1.3,21.0,65.9,7.4,2.9,18.4,81.7,3.8,66.5,6.8,21.2,36.7,1.8,14.1,6.9,198.6,2.5,79.2,0.1,15.9,1.1,99.7,67.6,17.9,14.3,48.8,2.1,5.6,18.2,8.2,10.0,23.0,3.2,9.9,44.8,5.2,26.1,2.9,18.6,4.5,13.6,0.1,0.4,0.0,-,0.2,0.0,0.1,0.0,1.5,0.1,0.7,0.5,0.2,0.1,0.4,0.3,151.6,132.6,0.0,19.0,59.5,34.6,2.5,8.3,6.6,6.4,0.4,0.6,9.9,17.4,0.2,7.2,26.4,-,26.4,26.4,-,-
28 暫屔導,1305.8,21.5,1.7,1.6,1.4,0.2,10.0,1.3,0.2,1.0,0.1,0.0,6.8,329.8,318.4,7.4,9.3,31.7,30.7,12.3,20.6,12.8,34.4,0.6,65.1,1.6,12.4,9.9,8.1,22.1,7.1,2.8,12.4,7.2,3.2,26.7,11.5,2.1,9.4,4.2,2.1,2.2,21.4,12.3,9.1,22.7,20.4,2.2,53.3,0.4,2.5,13.7,18.0,18.6,0.0,-,303.3,10.7,7.1,3.7,188.5,1.4,28.7,31.5,8.8,3.0,23.0,83.3,8.7,80.3,9.4,24.8,42.7,3.3,16.4,7.4,165.0,2.2,60.9,0.2,15.3,1.1,85.4,52.2,18.2,15.0,48.8,2.3,6.7,15.7,7.3,8.4,24.1,3.4,9.3,42.8,4.8,24.9,2.8,18.3,3.9,13.0,0.0,0.5,0.0,-,0.2,0.0,0.0,0.1,1.3,0.1,0.4,0.3,0.1,0.1,0.4,0.3,187.0,163.5,0.0,23.5,62.6,38.9,3.0,9.6,9.0,7.0,0.6,0.4,9.3,15.6,0.1,8.0,28.8,-,28.8,28.8,-,-
29 撧椙導,1371.7,20.6,1.7,1.3,1.1,0.2,8.5,0.9,0.2,0.6,0.1,-,8.2,351.1,340.0,6.9,9.1,36.4,29.0,12.3,18.9,14.4,42.3,0.9,73.1,2.0,14.7,9.1,6.1,23.7,7.6,2.8,13.7,8.1,3.2,25.7,11.1,2.1,9.1,4.5,2.4,2.1,19.1,11.3,7.8,24.8,21.7,3.1,56.0,0.2,2.8,14.6,16.8,21.5,-,-,341.4,11.0,3.2,7.9,230.1,0.8,22.3,14.0,9.6,3.2,88.1,78.1,13.8,78.8,7.7,23.1,43.4,4.7,14.8,6.7,187.3,2.8,77.0,0.1,17.0,0.9,89.6,56.7,22.7,10.2,51.0,2.5,6.9,15.2,7.7,7.5,26.4,3.2,10.1,40.6,4.3,24.5,3.3,16.7,4.5,11.8,-,0.4,-,-,0.2,0.1,0.1,-,1.7,-,0.5,0.4,0.1,-,0.5,0.7,177.5,167.9,0.4,9.2,54.8,33.9,2.8,11.5,3.6,5.2,1.0,0.5,9.2,14.2,0.2,6.6,27.5,-,27.5,27.5,-,-
30 榓壧嶳導,1674.6,26.3,1.8,1.6,1.5,0.1,11.3,2.9,0.7,2.1,0.1,-,8.7,394.3,380.8,6.9,10.1,39.3,36.2,14.6,25.9,16.0,41.1,0.8,83.7,2.0,10.7,10.0,11.1,27.3,7.8,3.2,15.4,10.6,3.2,29.5,13.4,1.8,11.6,3.9,2.0,2.0,22.8,10.8,12.1,17.5,13.5,3.9,51.8,0.6,3.0,14.4,17.6,16.3,0.1,-,391.5,7.5,4.4,3.1,270.4,1.4,41.1,69.3,13.7,4.1,25.1,111.9,3.7,86.6,7.9,24.2,51.5,2.9,18.0,9.1,236.2,3.2,102.0,0.3,17.7,1.8,111.1,70.0,21.8,19.3,63.7,2.9,7.7,19.5,9.0,10.6,33.6,4.2,11.4,55.0,6.8,31.8,2.8,22.7,6.3,16.4,-,0.5,0.1,-,0.2,-,0.1,-,2.0,-,0.7,0.6,0.1,0.1,0.5,0.7,284.6,246.0,-,38.6,75.8,50.4,3.9,12.4,10.8,9.8,1.6,1.0,10.9,16.1,0.1,9.2,33.2,-,33.2,33.2,-,-
31 捁庢導,1529.9,22.5,2.7,1.0,0.8,0.2,8.6,1.1,0.6,0.6,-,-,9.1,368.8,357.1,6.9,9.1,39.0,39.2,14.1,25.0,15.8,37.1,1.3,66.7,1.7,10.5,10.6,7.3,27.8,11.4,3.2,11.6,10.3,4.8,26.7,11.6,2.7,9.0,5.0,1.9,3.0,24.0,14.5,9.5,27.0,22.3,4.8,76.6,0.2,1.5,13.7,40.2,21.0,-,-,337.9,5.3,2.9,2.5,188.2,3.2,27.2,20.2,18.1,2.5,20.4,92.6,4.0,117.9,12.2,33.5,70.9,1.3,20.4,6.1,162.1,1.7,53.0,0.4,18.5,1.1,87.4,54.9,19.6,13.0,51.6,1.5,8.4,13.1,3.6,9.5,28.6,5.0,9.5,43.6,7.6,27.4,2.1,22.3,3.0,8.6,-,0.2,0.2,-,-,-,-,-,2.7,0.2,1.1,0.8,0.4,0.2,0.6,0.6,286.5,216.0,-,70.5,78.9,49.0,2.7,9.0,14.9,10.7,0.2,0.4,11.2,14.5,-,15.4,28.2,-,28.2,28.2,-,-
32 搰崻導,1654.5,27.6,2.1,1.3,0.6,0.6,10.6,2.1,0.8,1.0,0.3,-,11.6,390.6,375.4,9.0,9.0,38.4,35.2,15.7,24.1,16.3,44.7,0.2,67.7,3.2,9.5,9.8,11.7,27.5,11.9,3.5,13.8,10.3,4.6,34.1,15.2,3.0,12.2,4.6,3.2,1.4,25.5,13.0,12.5,43.1,37.6,5.5,90.8,0.2,3.6,17.1,41.5,28.4,-,-,353.9,10.3,5.7,4.6,208.9,2.1,17.3,13.0,17.4,3.6,60.5,88.6,6.3,107.9,7.9,32.8,64.5,2.7,18.4,8.4,192.4,2.5,56.9,0.5,13.8,1.1,117.6,78.9,24.1,14.6,55.3,1.4,8.1,15.4,9.0,6.3,30.4,3.5,12.7,67.0,14.3,35.3,3.0,27.3,5.1,17.4,-,0.2,-,-,0.2,-,-,-,2.1,-,1.1,0.5,0.6,0.2,0.3,0.5,263.4,228.8,-,34.5,86.7,50.6,3.0,16.2,10.5,9.4,0.8,0.5,10.3,16.3,-,19.8,35.2,-,35.2,35.2,-,-
33 壀嶳導,1424.7,20.8,2.2,1.1,0.9,0.1,9.2,1.3,0.4,0.9,-,0.1,7.0,329.0,316.8,6.9,7.5,31.7,27.1,12.9,21.7,13.5,36.9,0.4,65.0,1.1,12.0,11.1,8.8,21.4,6.9,2.3,13.1,9.0,4.1,24.2,12.3,2.2,10.1,4.2,2.4,1.8,20.7,12.1,8.5,18.8,16.0,2.8,56.8,0.1,1.6,13.0,25.0,17.1,-,0.1,305.3,7.2,3.2,4.1,187.9,1.8,38.2,11.4,8.9,2.6,19.2,102.6,3.3,85.3,10.1,25.5,48.3,1.4,17.3,7.5,204.3,2.4,79.2,0.3,16.7,1.2,104.6,64.1,21.7,18.8,50.6,1.7,8.2,15.4,7.6,7.8,25.2,2.5,10.8,46.7,7.7,26.1,2.1,20.1,4.0,13.0,0.1,0.3,0.1,-,0.2,-,-,0.1,2.1,0.1,0.5,0.3,0.2,0.2,0.9,0.4,250.2,180.6,-,69.6,70.0,49.0,4.6,13.7,10.9,8.6,1.4,0.4,9.4,15.2,0.1,5.8,31.5,-,31.5,31.5,-,-
34 峀搰導,1340.8,22.0,1.7,1.0,0.9,0.1,9.9,1.8,0.6,1.1,0.1,-,7.4,326.6,314.2,5.9,8.4,32.3,28.9,12.5,21.0,12.5,34.6,0.3,62.2,1.3,12.3,11.2,7.1,24.0,7.9,3.1,12.0,9.0,4.1,24.9,12.4,2.1,10.3,3.5,2.0,1.5,23.4,14.0,9.4,28.7,26.1,2.6,52.2,0.3,2.1,13.0,21.6,15.3,-,0.1,334.5,9.1,4.6,4.5,217.4,1.4,21.9,35.1,10.0,2.4,40.2,102.9,3.5,84.1,9.2,28.1,43.9,3.0,17.5,6.3,172.1,2.6,63.3,0.3,14.7,0.9,90.3,52.6,22.0,15.7,48.3,1.6,5.6,16.5,8.2,8.3,24.6,2.7,9.0,43.8,5.5,28.2,3.2,20.7,4.3,10.1,-,0.3,0.0,-,0.2,-,0.0,-,1.8,0.0,0.6,0.4,0.2,0.1,0.6,0.4,179.4,156.9,0.2,22.3,64.1,41.1,3.8,11.3,7.6,8.7,0.8,0.1,8.7,16.4,0.2,6.4,28.5,-,28.5,28.5,-,-
35 嶳岥導,1688.3,27.2,2.8,1.2,1.0,0.2,15.4,0.8,0.3,0.3,0.2,-,7.1,404.5,389.5,11.1,11.9,42.4,37.0,16.7,25.4,17.2,39.0,0.6,73.5,2.1,14.6,15.1,9.2,26.2,9.5,3.9,12.6,9.8,4.3,32.8,15.0,1.7,13.3,5.0,3.3,1.7,24.1,13.6,10.6,26.2,23.4,2.8,71.7,0.2,2.7,16.0,32.2,20.6,-,-,429.5,14.7,11.7,3.0,274.2,3.5,24.9,20.5,15.4,3.4,25.8,99.4,81.3,113.2,8.0,28.5,66.0,10.7,19.8,7.7,240.2,2.1,117.9,0.5,18.2,0.8,100.6,57.0,24.4,19.2,54.7,2.5,9.2,15.4,6.9,8.5,27.6,4.5,13.8,56.6,7.7,35.6,3.3,25.7,6.6,13.3,-,0.3,-,-,0.2,-,-,0.1,1.0,0.1,0.4,0.3,0.1,-,0.5,0.1,220.9,195.5,-,25.4,70.2,39.4,4.5,11.3,4.8,8.9,0.8,0.2,8.9,19.0,-,11.7,37.9,-,37.9,37.9,-,-
36 摽搰導,1671.5,27.6,4.0,2.1,1.8,0.3,12.5,1.2,0.3,0.7,0.1,-,7.8,375.5,362.1,7.8,8.1,32.6,33.0,13.9,26.3,16.4,38.8,0.9,76.8,1.9,11.9,11.3,12.2,25.5,7.4,3.4,15.6,8.0,5.5,29.4,13.4,2.1,11.4,6.8,2.2,4.6,29.9,19.6,10.3,29.2,26.8,2.4,56.9,0.4,2.9,12.8,19.9,20.8,-,-,386.9,14.5,7.1,7.4,249.6,1.8,28.9,28.9,12.7,1.9,63.0,107.4,5.0,95.9,8.8,27.0,54.3,5.8,18.3,8.7,254.3,3.7,114.6,0.4,18.1,1.8,115.6,74.6,25.1,15.9,72.7,3.2,9.1,24.3,11.4,13.0,36.0,5.5,11.1,58.3,11.2,33.2,4.7,22.7,5.8,13.9,-,0.4,-,-,0.4,-,-,-,1.5,-,0.9,0.4,0.4,0.1,0.1,0.3,220.1,190.9,-,29.2,88.3,54.9,6.5,14.0,10.6,9.6,0.6,0.3,13.3,18.4,-,15.0,46.6,-,46.6,46.5,0.1,-
37 崄愳導,1532.6,20.6,2.7,0.8,0.8,-,8.2,2.2,0.3,1.3,0.6,-,6.7,339.6,328.5,6.6,8.2,36.3,29.3,13.7,20.7,14.9,38.3,1.0,62.8,1.6,11.7,10.1,7.5,21.9,7.6,2.8,14.1,8.3,4.3,26.7,11.1,2.8,8.3,4.8,2.4,2.3,28.4,18.1,10.2,16.4,14.0,2.3,65.0,0.4,2.3,17.1,29.0,16.0,-,-,371.1,18.1,4.6,13.6,245.8,1.9,20.9,17.0,11.5,3.7,99.4,87.5,3.9,87.3,9.6,27.3,47.9,2.6,14.0,5.8,210.1,2.9,53.5,0.3,18.2,0.9,134.3,94.7,25.5,14.1,53.3,1.7,6.7,13.5,5.8,7.7,31.5,4.7,8.2,55.1,7.5,34.8,2.7,27.7,4.4,12.8,-,0.6,-,-,0.4,0.1,-,-,2.0,-,0.9,0.8,0.1,0.1,0.9,0.1,244.6,222.2,-,22.4,71.0,44.2,5.3,12.5,4.4,7.5,2.2,0.4,11.8,16.9,0.1,9.8,37.4,-,37.4,37.4,-,-
38 垽昋導,1620.9,23.4,3.0,0.6,0.5,0.1,9.2,1.9,0.2,1.5,0.2,-,8.7,370.1,355.7,7.1,8.2,38.1,31.7,14.7,27.2,16.3,40.0,0.7,67.5,1.8,14.2,11.2,10.6,23.6,6.6,2.9,14.1,9.7,3.6,28.8,14.5,3.5,11.0,5.2,3.1,2.1,27.6,14.1,13.4,22.4,18.4,4.0,59.7,0.4,2.1,15.1,26.1,16.0,-,-,428.8,14.6,7.0,7.6,279.0,2.0,19.1,32.6,9.9,3.3,87.1,121.0,3.8,111.8,10.1,31.3,68.6,1.8,16.4,7.0,200.7,3.4,77.8,0.2,16.2,1.4,101.7,61.1,23.0,17.6,61.0,2.4,9.6,16.8,8.3,8.5,32.2,4.2,10.8,46.4,7.0,27.7,2.7,20.1,4.9,11.7,-,0.2,-,-,0.1,-,0.2,-,1.4,-,0.6,0.5,0.1,0.1,0.7,0.1,245.3,230.2,0.1,15.0,78.9,53.5,5.1,14.5,8.7,11.4,1.0,0.9,11.9,17.0,0.3,8.1,34.7,-,34.7,34.7,-,-
39 崅抦導,1762.6,32.5,4.3,0.9,0.8,0.2,17.9,1.1,0.2,0.8,0.2,0.2,8.2,396.8,383.4,10.3,10.0,36.8,33.1,13.1,24.0,15.1,47.1,0.8,76.3,2.2,16.0,14.6,12.0,29.3,11.1,4.0,11.4,10.2,4.5,29.4,13.4,3.2,10.2,6.2,3.2,2.9,28.5,15.4,13.1,21.9,18.6,3.2,64.4,0.3,2.6,13.6,25.6,22.3,-,-,409.7,9.6,6.0,3.5,254.1,2.9,50.8,20.5,14.6,2.9,28.4,129.7,4.2,116.8,11.1,33.7,69.0,2.9,20.6,8.6,242.4,2.8,110.0,0.3,19.1,0.8,109.4,65.2,22.8,21.4,67.5,2.2,7.4,19.9,8.8,11.1,38.1,5.4,10.3,72.0,9.6,38.8,5.5,26.0,7.2,23.6,-,0.3,-,-,-,-,0.2,0.2,1.8,-,0.9,0.5,0.5,-,0.5,0.5,271.6,210.0,0.3,61.3,80.7,51.9,3.9,11.7,8.6,13.3,1.2,0.3,12.9,19.4,0.3,9.1,50.5,-,50.5,50.5,-,-
40 暉壀導,1261.4,21.7,2.3,1.5,1.3,0.3,10.3,1.8,0.3,1.3,0.2,0.0,5.7,332.4,321.8,7.1,8.4,28.9,31.6,13.3,23.9,13.6,32.0,0.6,64.5,1.6,13.8,12.6,6.8,23.4,8.5,2.4,11.6,8.8,4.1,25.7,10.6,2.0,8.6,4.3,2.2,2.1,25.9,14.0,11.9,24.8,21.2,3.6,55.2,0.3,2.6,11.7,24.5,16.1,-,0.0,247.5,13.2,4.2,9.0,137.2,1.6,20.6,15.6,8.7,2.7,20.1,64.6,3.3,72.8,7.8,21.2,41.8,2.0,17.1,7.3,177.7,2.4,64.5,0.2,13.1,1.4,96.1,61.0,21.2,13.8,47.7,1.7,6.8,14.9,6.5,8.3,24.4,3.6,9.2,46.4,7.1,24.7,2.3,19.9,2.4,14.7,-,0.7,-,0.0,0.4,0.1,0.1,0.1,1.5,0.1,0.6,0.3,0.3,0.1,0.4,0.2,173.0,120.9,0.1,52.1,60.4,36.3,2.5,8.3,11.2,7.3,0.4,0.2,6.3,16.3,0.2,7.6,29.3,-,29.3,29.3,-,-
41 嵅夑導,1464.7,18.9,3.2,0.6,0.5,0.1,7.9,1.5,0.6,0.9,-,-,5.7,353.9,341.7,8.4,6.6,31.5,35.6,13.6,29.5,16.7,33.1,0.6,64.0,1.5,14.8,11.5,7.4,25.5,8.5,4.5,10.8,8.8,3.3,27.8,12.2,1.7,10.6,5.3,3.2,2.1,26.1,13.8,12.4,19.9,17.2,2.7,55.1,0.3,2.4,11.5,23.3,17.6,-,-,303.5,11.2,4.0,7.2,185.2,2.2,22.9,13.5,13.5,2.6,29.3,96.4,4.8,83.5,12.7,25.4,43.1,2.3,15.7,7.9,229.9,2.4,99.5,0.4,16.3,1.4,109.8,73.5,18.8,17.5,53.8,1.8,9.5,15.4,6.0,9.4,27.0,4.1,9.3,55.7,7.5,30.8,2.7,24.3,3.7,17.5,-,0.5,0.1,-,0.4,-,-,-,1.5,-,0.5,0.3,0.3,0.1,0.4,0.5,230.6,174.3,-,56.4,61.0,36.3,3.0,10.6,5.1,8.2,-,-,9.4,12.1,-,12.6,35.5,-,35.5,35.5,-,-
42 挿嶈導,1614.3,29.5,3.6,1.8,1.5,0.3,13.5,1.6,0.1,1.4,0.2,-,9.0,399.2,384.8,9.0,10.6,32.1,37.9,13.3,24.2,17.5,40.7,1.0,79.5,1.8,15.8,11.8,9.0,30.9,9.8,3.3,15.0,14.4,4.2,29.5,14.4,2.7,11.6,6.4,2.9,3.5,23.3,11.2,12.0,25.9,22.5,3.5,63.2,0.2,2.4,15.3,25.0,20.4,-,-,373.4,12.1,6.9,5.3,242.7,2.9,34.7,17.1,14.1,5.5,40.3,123.8,4.4,92.8,10.0,28.8,51.6,2.4,18.4,7.4,223.0,3.3,93.9,0.6,17.2,1.8,106.2,61.0,25.1,20.1,63.0,2.0,9.5,16.9,8.0,8.9,34.5,3.7,10.6,58.2,8.6,31.2,3.6,23.7,3.9,18.4,0.2,0.6,-,-,0.3,-,0.1,0.2,1.9,0.2,0.3,0.1,0.2,-,0.9,0.5,219.8,164.8,-,55.1,76.6,46.2,2.5,10.3,12.8,9.0,0.6,0.6,10.4,13.9,-,16.4,36.0,-,36.0,36.0,-,-
43 孎杮導,1477.5,24.4,1.9,1.5,1.2,0.3,11.9,2.0,0.4,1.4,0.1,-,7.1,346.7,330.2,7.3,6.5,22.8,30.0,10.9,22.6,19.5,35.5,0.8,65.1,2.6,15.8,12.4,6.7,25.0,7.2,3.7,12.3,11.1,4.5,30.2,16.5,2.4,14.1,4.3,2.2,2.2,22.8,12.0,10.8,28.5,24.9,3.5,70.9,0.1,2.6,14.4,31.2,22.5,0.1,-,349.2,9.8,4.5,5.3,221.3,2.2,15.3,13.7,13.1,3.8,75.3,92.2,5.9,91.7,10.6,26.1,52.8,2.2,17.9,8.4,192.8,3.2,63.0,0.1,13.2,0.6,112.7,76.8,21.3,14.6,53.7,1.7,6.5,16.9,8.0,8.9,28.6,4.4,10.5,53.9,6.8,31.2,1.9,26.0,3.3,15.8,0.1,0.6,0.1,-,0.4,-,0.1,0.1,1.6,0.1,0.8,0.5,0.4,0.1,0.2,0.5,209.2,178.3,0.2,30.6,64.4,41.8,4.1,11.2,7.8,8.6,1.1,0.7,8.3,15.3,0.2,7.1,39.4,-,39.4,39.4,-,-
44 戝暘導,1575.0,27.9,3.3,2.0,1.9,0.1,10.5,1.8,0.4,0.9,0.5,0.2,10.1,362.2,348.8,6.8,8.3,31.0,31.5,15.8,22.8,15.1,36.9,0.4,69.7,1.9,13.1,11.3,8.8,28.4,8.7,2.8,14.5,12.7,3.8,28.9,13.4,3.1,10.3,6.6,4.2,2.3,28.0,15.2,12.9,32.6,28.4,4.2,74.5,0.3,3.5,14.0,37.0,19.8,-,-,349.9,8.5,5.3,3.3,206.4,2.3,30.9,19.1,13.5,5.3,37.9,91.9,5.4,105.3,8.3,30.0,62.9,4.1,21.1,8.6,214.6,2.5,78.1,0.2,19.1,1.0,113.6,68.6,26.9,18.1,55.6,2.3,7.2,17.4,8.7,8.7,28.7,3.7,11.4,53.9,6.9,34.7,3.0,28.3,3.4,12.3,-,0.3,-,-,0.2,-,0.1,-,1.2,0.2,0.7,0.5,0.2,-,0.2,0.2,231.7,198.5,-,33.2,76.9,51.6,2.9,11.2,13.9,9.4,1.4,0.2,12.7,16.1,0.2,9.0,43.8,-,43.8,43.8,-,-
45 媨嶈導,1610.8,22.2,2.3,1.0,1.0,-,10.2,1.5,0.2,1.1,0.2,-,7.3,366.4,353.1,9.3,9.3,29.4,31.2,15.0,21.2,17.1,37.7,0.7,64.3,2.7,14.9,13.9,9.1,29.4,8.3,2.4,15.6,14.1,3.9,29.8,13.3,2.2,11.2,5.5,3.2,2.3,27.8,16.2,11.7,30.3,25.3,5.0,70.8,0.3,3.1,11.5,35.9,20.0,-,-,388.9,16.7,5.7,11.0,233.5,2.5,27.7,16.8,13.5,2.7,50.2,115.2,4.7,112.0,10.9,31.8,67.0,2.4,19.1,7.6,231.7,5.3,104.4,0.4,17.6,1.7,102.4,55.2,26.7,20.4,57.4,2.9,8.0,17.3,8.9,8.4,29.1,3.5,10.6,54.0,6.6,35.4,4.1,26.2,5.1,12.0,0.2,0.4,-,-,0.1,-,0.2,0.1,1.2,-,0.8,0.5,0.3,0.1,0.2,0.1,217.6,181.2,0.1,36.3,76.6,49.0,5.5,11.6,11.6,8.9,1.2,0.2,10.1,18.4,0.2,9.0,45.7,-,45.7,45.7,-,-
46 幁帣搰導,1614.4,27.6,4.2,1.6,1.3,0.3,13.4,1.7,0.3,0.9,0.5,0.1,6.7,366.2,352.7,9.5,9.3,27.5,37.5,13.9,24.3,19.6,36.2,0.6,69.4,1.3,12.0,12.7,9.3,27.6,8.5,2.8,12.4,14.5,4.0,24.7,13.4,2.6,10.8,4.7,2.0,2.7,25.2,14.4,10.8,16.3,12.5,3.8,72.3,0.3,2.1,15.0,33.4,21.5,-,0.1,363.5,9.6,5.0,4.6,213.9,2.7,35.4,17.0,13.9,4.0,26.2,109.8,4.8,110.6,11.1,31.1,66.0,2.4,19.3,10.0,238.0,3.6,104.8,0.4,16.1,1.4,111.7,67.0,25.9,18.8,63.3,2.4,8.6,16.7,6.9,9.7,35.6,4.2,10.0,57.8,8.8,34.6,4.2,26.4,4.0,14.4,0.3,0.4,-,-,0.1,0.1,0.2,-,1.7,0.1,0.9,0.5,0.4,0.1,0.4,0.2,246.2,201.3,0.1,44.9,71.3,46.7,4.3,11.9,7.3,8.9,1.8,0.5,12.0,17.1,0.3,7.2,45.5,-,45.5,45.5,-,-
47 壂撽導,1075.7,22.3,2.6,1.5,1.3,0.2,12.2,0.5,0.3,-,0.2,-,5.6,252.7,244.1,9.7,6.2,15.3,28.7,10.9,13.3,11.7,21.8,0.6,44.7,1.1,10.7,12.2,6.8,20.6,3.3,2.4,8.1,11.3,3.1,21.4,8.6,1.7,6.8,2.6,1.0,1.7,20.5,11.0,9.5,14.8,12.5,2.2,40.1,0.4,2.3,9.8,12.7,14.8,-,-,246.9,14.7,5.4,9.3,140.3,2.0,18.6,21.1,10.2,4.4,16.7,49.1,18.2,70.2,8.1,25.2,33.8,3.1,14.3,7.4,131.7,5.3,43.1,0.2,12.9,1.5,68.6,36.5,18.5,13.6,56.9,3.0,5.5,26.1,9.3,16.8,22.3,4.5,8.8,42.2,6.4,23.5,1.7,17.8,4.0,12.3,-,0.5,0.1,0.1,0.2,0.1,-,-,2.2,-,0.5,0.2,0.3,0.1,0.7,0.8,156.0,141.5,-,14.5,47.5,19.0,2.9,4.3,0.8,5.1,0.3,0.4,5.2,18.0,0.3,10.1,25.5,-,25.5,25.5,-,-
50 搶嫗搒偺嬫晹,935.2,14.6,1.1,1.1,0.9,0.2,7.1,0.7,0.2,0.5,0.1,0.1,4.5,240.8,232.9,5.7,8.0,20.5,23.1,9.2,12.0,9.6,26.0,0.4,45.4,1.2,12.0,9.5,6.6,17.4,6.3,2.0,8.2,5.7,2.2,18.6,7.9,1.5,6.4,2.8,1.6,1.2,16.3,8.6,7.7,13.0,11.9,1.1,32.9,0.2,1.5,8.1,11.7,11.4,-,0.0,215.7,4.8,3.3,1.5,137.3,1.2,12.7,53.0,7.0,2.0,13.6,45.2,2.7,56.4,6.2,20.5,28.2,1.4,12.9,4.3,109.2,1.8,40.6,0.1,9.8,0.6,56.3,34.8,13.4,8.2,37.9,2.7,4.6,14.4,4.6,9.8,16.1,2.6,6.5,26.4,2.6,15.2,1.5,11.7,2.1,8.5,0.1,0.3,0.0,0.0,0.1,0.1,0.0,0.0,1.3,0.0,0.6,0.3,0.3,0.1,0.4,0.2,153.4,128.8,0.0,24.5,43.6,25.7,1.3,7.2,5.0,3.8,0.3,0.7,7.5,13.7,0.1,4.1,18.0,-,18.0,18.0,-,-
51 嶥杫巗,1248.8,24.3,1.6,0.6,0.5,0.1,15.1,1.1,0.4,0.7,0.1,-,5.9,358.0,345.1,6.9,8.3,30.1,34.1,14.3,19.7,13.7,41.1,0.6,79.4,0.9,15.8,11.5,9.2,22.6,10.1,2.6,11.3,7.5,2.7,24.5,12.9,1.7,11.2,4.2,1.8,2.4,17.1,11.1,6.0,27.2,23.3,3.9,54.0,0.2,2.5,10.8,21.5,18.9,-,-,282.4,5.0,3.2,1.8,153.5,1.1,11.4,25.9,8.8,2.1,15.9,76.9,11.3,76.7,9.6,22.0,42.1,3.0,17.0,30.2,145.5,2.5,64.0,0.4,12.1,0.7,65.8,36.5,18.6,10.6,49.7,2.0,6.4,16.2,6.9,9.3,25.1,2.9,7.3,47.3,4.3,29.0,3.4,21.6,4.0,14.1,-,0.3,-,-,0.2,-,0.2,-,1.7,-,1.0,0.5,0.5,0.1,0.4,0.3,139.6,121.4,0.2,18.0,58.0,30.4,1.5,9.5,6.4,6.0,0.7,1.1,5.3,17.7,0.3,9.7,29.1,-,29.1,29.1,-,-
52 愬戜巗,1029.7,13.3,1.6,0.6,0.6,-,6.9,0.8,0.1,0.7,-,-,3.4,272.4,264.2,5.7,8.1,24.1,28.8,9.5,13.4,11.1,31.8,0.5,47.3,0.9,12.1,10.8,8.3,21.5,7.3,2.0,10.3,6.2,3.6,21.2,8.1,0.5,7.6,3.2,1.8,1.4,17.9,10.9,6.9,18.4,15.7,2.7,57.0,0.3,2.2,11.0,26.8,16.7,-,-,254.6,15.2,4.5,10.8,135.3,1.3,13.5,25.5,7.3,2.7,37.0,44.8,3.1,82.7,7.4,35.6,38.0,1.6,15.9,5.5,99.1,1.2,33.9,0.4,9.2,0.6,53.8,33.1,14.1,6.6,36.1,1.8,6.0,10.6,4.7,5.8,17.7,1.5,6.5,29.7,2.9,17.5,1.3,14.1,2.2,9.2,0.4,0.4,0.1,-,0.2,-,-,0.1,1.5,0.1,0.7,0.6,0.1,0.2,0.4,0.1,151.0,138.4,-,12.6,46.2,22.4,1.6,7.5,3.2,3.7,0.5,0.2,5.7,16.0,0.1,7.8,21.0,-,21.0,20.9,0.1,-
53 偝偄偨傑巗,1014.2,16.0,0.5,0.9,0.8,0.1,8.5,0.8,0.2,0.4,0.1,0.1,5.1,241.4,233.3,5.7,6.9,19.7,23.5,9.9,13.3,11.3,25.1,0.3,43.2,1.1,12.2,9.0,7.5,17.2,6.2,2.2,8.6,5.9,2.4,18.9,8.1,1.4,6.7,2.5,1.6,1.0,12.4,8.0,4.4,14.1,13.0,1.1,38.0,0.1,1.2,9.9,15.9,11.0,-,0.1,198.8,3.0,0.8,2.2,121.3,1.0,12.5,37.4,5.9,0.9,12.7,47.7,3.3,56.6,7.4,17.3,30.9,1.0,13.1,4.8,127.8,2.3,59.5,0.1,7.9,0.6,57.4,34.8,14.2,8.4,34.7,1.0,4.2,10.1,5.0,5.2,19.4,2.1,6.0,26.8,2.1,15.6,1.9,11.7,2.0,9.1,-,0.2,0.1,-,0.1,-,-,0.1,1.3,-,0.4,0.1,0.3,0.1,0.4,0.4,225.4,159.7,-,65.7,44.5,23.1,1.6,7.1,2.7,3.7,1.2,0.4,6.4,16.7,0.1,4.5,22.1,-,22.1,22.1,-,-
54 愮梩巗,1164.6,14.5,1.0,0.6,0.5,0.1,9.2,0.7,-,0.5,0.2,0.2,2.7,305.5,295.4,6.3,8.4,25.9,29.0,12.2,17.7,12.5,28.6,0.7,60.3,1.7,11.5,11.0,9.0,25.8,7.8,3.4,10.6,6.6,3.4,26.1,10.1,1.7,8.3,3.4,1.4,1.9,20.9,14.6,6.3,17.4,14.5,2.8,38.3,-,2.1,9.9,12.3,13.9,-,-,277.9,24.3,8.7,15.5,157.5,0.8,30.6,25.5,5.3,1.8,25.8,62.8,4.9,77.3,6.9,23.4,42.2,4.8,13.9,5.0,155.3,1.7,60.6,0.1,10.4,0.5,82.0,51.3,19.2,11.6,44.1,2.0,7.4,15.3,8.9,6.4,19.3,2.0,6.7,35.8,2.9,21.5,2.6,14.8,4.1,11.4,-,0.1,-,-,0.1,-,-,-,1.5,0.2,0.5,0.3,0.2,-,0.5,0.3,167.4,130.7,-,36.8,46.5,26.9,2.5,8.2,2.0,5.5,1.3,0.2,7.1,14.5,-,5.1,27.3,-,27.3,27.3,-,-
55 墶昹巗,1070.8,14.5,1.5,1.0,0.6,0.3,7.0,0.7,0.2,0.4,0.1,0.1,4.3,276.5,266.9,6.9,8.8,24.4,27.1,11.3,15.4,11.1,29.8,0.4,48.7,1.1,12.5,10.5,7.6,18.8,7.1,2.5,10.1,6.9,2.9,21.5,9.7,1.6,8.0,2.7,1.6,1.1,11.8,6.5,5.3,15.2,13.5,1.7,40.7,0.2,1.6,11.0,14.3,13.6,0.0,-,237.7,2.9,1.4,1.6,156.7,1.0,15.0,31.7,7.2,1.6,11.3,85.8,3.1,59.8,6.2,21.7,31.0,0.9,13.4,5.0,127.0,1.9,41.0,0.2,10.0,0.6,73.5,46.8,15.9,10.8,40.0,1.3,5.0,16.3,7.4,8.9,17.4,2.0,7.3,26.8,2.4,15.5,1.7,11.8,2.0,8.9,-,0.5,0.0,0.0,0.2,0.1,-,0.1,1.4,0.1,0.4,0.2,0.2,0.0,0.5,0.4,185.7,177.6,-,8.1,59.9,37.7,1.8,6.3,15.8,4.4,0.3,0.1,8.9,13.2,0.3,8.7,21.0,-,21.0,21.0,-,-
56 愳嶈巗,900.1,12.4,0.8,0.9,0.8,0.1,6.3,0.8,0.1,0.5,0.1,0.1,3.6,233.8,225.6,6.3,7.2,18.7,22.7,10.1,10.8,10.2,22.0,0.6,43.9,1.6,11.7,12.2,5.3,17.7,5.8,1.8,6.6,6.6,2.2,19.3,8.1,1.6,6.5,2.2,1.0,1.2,12.1,6.6,5.5,12.5,11.3,1.2,34.5,0.5,1.2,10.1,11.3,11.5,-,-,203.6,2.6,1.8,0.8,123.6,1.5,18.0,34.9,6.5,1.7,8.8,49.6,2.6,58.0,7.2,21.2,28.6,1.0,15.1,4.3,112.4,1.5,39.8,0.1,10.5,0.5,60.0,39.3,13.1,7.5,34.7,1.4,3.6,13.9,6.4,7.4,15.9,1.9,6.2,25.0,1.8,15.1,1.5,11.5,2.1,8.1,-,0.3,0.1,-,0.2,-,-,0.1,1.5,0.1,0.4,0.3,0.1,0.1,0.5,0.5,137.0,130.6,-,6.4,52.0,31.7,1.5,5.9,11.6,3.7,0.9,0.4,7.7,14.4,0.2,5.7,17.8,-,17.8,17.8,-,-
57 憡柾尨巗,1132.7,14.2,1.1,0.8,0.8,-,6.9,1.8,0.3,1.2,0.3,-,3.6,289.8,280.7,7.2,8.7,28.0,26.5,12.2,13.5,13.7,26.5,0.6,52.1,2.3,15.9,9.9,10.7,24.4,7.7,2.1,9.5,7.3,2.5,21.8,9.1,2.1,7.0,3.3,1.4,1.9,12.7,8.1,4.6,17.5,16.0,1.5,41.2,0.4,1.1,9.8,17.8,12.0,-,-,261.7,2.1,1.7,0.4,173.8,0.6,18.1,39.6,7.5,1.1,15.3,88.8,2.8,64.9,5.8,22.7,34.7,1.8,15.9,5.1,147.1,0.7,54.7,0.1,17.8,0.7,73.1,47.1,14.5,11.5,44.8,1.8,4.1,17.8,8.6,9.3,21.0,2.6,8.3,30.8,3.7,19.5,2.2,14.9,2.3,7.6,0.3,0.6,-,-,0.4,-,0.1,-,1.5,-,0.6,0.3,0.3,-,0.4,0.6,175.1,168.0,-,7.2,58.3,32.2,2.2,6.2,13.5,4.0,0.4,0.1,5.7,17.7,0.6,7.9,23.1,-,23.1,23.1,-,-
58 怴妰巗,1391.6,15.4,1.6,1.2,1.0,0.1,6.7,0.8,0.1,0.7,-,0.1,5.1,356.8,343.0,8.2,12.3,39.0,35.1,17.0,15.8,17.6,39.0,0.3,64.4,1.0,14.5,11.6,6.8,24.2,9.5,3.8,11.7,6.7,2.5,23.4,13.8,3.1,10.7,4.4,2.1,2.3,20.6,10.8,9.8,38.5,33.8,4.7,74.0,0.1,2.9,13.3,37.1,20.6,-,-,315.9,5.5,2.9,2.6,179.5,2.7,12.7,13.2,13.2,3.7,40.3,90.5,3.3,108.4,12.8,32.0,62.3,1.3,14.4,8.2,143.7,1.4,51.8,0.3,9.9,0.5,79.8,48.4,20.6,10.7,47.0,1.8,8.0,11.2,5.2,6.0,26.0,2.5,9.7,40.1,5.1,22.6,1.6,16.6,4.4,12.4,-,-,-,-,-,-,-,-,2.3,0.3,1.3,0.7,0.7,-,0.5,0.3,240.6,177.2,0.1,63.3,58.1,34.6,1.8,11.1,4.7,7.7,0.5,0.7,8.1,16.3,0.3,6.9,21.9,-,21.9,21.9,-,-
59 惷壀巗,1396.1,24.6,1.6,2.1,1.6,0.4,11.9,0.9,0.1,0.6,0.1,0.1,7.9,329.2,317.7,6.0,8.5,27.5,30.1,15.3,17.4,16.5,34.2,0.9,59.8,1.8,14.7,13.3,7.8,30.9,7.9,2.2,13.8,7.4,5.7,22.0,11.5,3.6,7.9,2.8,1.3,1.5,22.6,14.9,7.7,18.5,15.3,3.1,40.0,0.3,2.2,10.9,10.4,16.2,-,-,325.3,8.6,4.0,4.6,191.2,0.7,18.5,14.4,12.4,1.8,50.3,86.2,7.0,101.6,11.9,43.8,43.9,2.1,18.6,5.2,171.6,2.2,52.2,-,15.8,0.6,100.7,63.5,23.4,13.8,47.8,2.5,5.5,12.2,4.9,7.3,27.5,3.1,11.0,39.6,4.0,23.2,1.8,19.6,1.8,12.4,-,0.3,-,-,0.1,-,-,0.1,1.3,-,0.3,-,0.3,0.3,0.1,0.6,275.7,248.7,-,27.1,57.7,39.0,3.4,10.4,5.4,8.3,0.3,0.6,10.6,13.2,0.1,5.4,25.0,-,25.0,25.0,-,-
60 昹徏巗,1296.0,15.5,1.4,1.2,0.9,0.3,6.6,1.0,0.1,0.6,0.3,0.1,5.2,278.7,268.8,6.2,8.4,24.9,25.5,9.9,12.4,11.9,28.4,0.9,49.0,1.4,12.8,10.5,5.9,24.6,8.1,2.5,10.3,8.9,4.1,22.6,9.9,1.7,8.3,5.2,3.0,2.2,16.4,9.9,6.5,22.1,19.7,2.3,47.1,0.1,2.3,11.0,18.7,15.0,-,-,287.2,6.3,2.5,3.9,160.8,1.2,26.1,26.1,8.0,2.5,21.9,72.6,2.5,97.7,9.7,42.3,43.2,2.5,13.4,9.0,155.2,1.2,46.6,-,11.4,0.1,96.0,59.4,25.7,11.0,35.7,1.4,6.1,9.9,4.3,5.7,18.3,1.2,8.4,39.7,4.1,27.2,1.7,21.8,3.7,8.4,-,0.4,-,-,0.1,0.1,0.1,-,1.4,0.4,0.4,0.4,-,0.1,-,0.5,289.8,277.7,0.1,12.0,63.6,40.1,3.0,11.7,7.2,6.3,0.6,0.6,10.6,16.8,-,6.7,28.4,-,28.4,28.4,-,-
61 柤屆壆巗,1142.0,19.4,1.0,1.7,1.5,0.2,9.7,0.7,0.2,0.4,0.1,0.0,6.3,290.2,281.6,7.5,7.5,29.1,30.9,13.1,15.7,10.6,31.5,0.4,57.0,1.2,11.5,10.8,6.8,18.0,6.5,2.0,8.9,8.5,2.8,19.4,8.6,1.5,7.0,3.4,1.8,1.5,15.6,7.9,7.7,15.7,13.4,2.3,40.6,0.4,1.9,9.5,14.0,14.8,-,-,209.4,4.2,1.8,2.4,117.6,1.0,16.0,20.2,6.1,1.9,18.1,51.5,2.8,64.9,8.0,23.6,32.2,1.1,17.5,5.3,146.1,1.6,47.0,0.0,11.0,0.5,86.0,59.5,15.7,10.8,41.4,1.7,5.0,13.2,6.3,6.8,21.6,3.0,7.1,31.8,3.4,18.2,2.1,13.1,3.0,10.2,0.1,0.3,-,-,0.2,-,0.0,-,1.5,0.0,0.5,0.4,0.1,0.1,0.4,0.4,243.9,163.4,0.1,80.4,51.1,30.4,2.3,8.9,6.3,5.8,0.6,0.3,6.2,15.1,0.1,5.4,21.4,-,21.4,21.4,-,-
62 嫗搒巗,1181.4,17.7,1.8,1.9,1.8,0.1,7.3,1.0,0.3,0.5,0.2,-,5.8,308.0,299.4,7.1,8.9,27.7,28.7,12.7,18.6,13.6,31.7,0.2,62.1,1.1,13.1,10.5,7.6,22.0,7.0,2.7,10.5,7.5,3.3,22.8,8.6,1.4,7.2,4.1,1.9,2.2,19.0,10.2,8.8,24.4,22.1,2.4,57.1,0.3,2.3,12.2,24.3,18.0,-,-,288.4,8.6,5.7,2.9,187.5,1.4,17.0,55.2,7.0,3.3,15.1,85.0,3.5,71.4,7.8,25.6,35.9,2.1,14.2,6.7,147.7,2.0,48.9,-,12.9,1.0,83.0,51.6,18.6,12.7,45.1,1.3,6.6,13.5,5.8,7.7,23.7,2.4,9.5,35.2,4.2,20.9,2.4,14.1,4.3,10.1,0.1,0.1,-,-,0.1,-,-,-,1.7,0.1,0.6,0.3,0.2,-,0.8,0.1,150.5,133.4,-,17.1,44.7,24.4,2.1,8.2,2.4,4.3,0.1,0.4,6.9,13.6,0.3,6.4,25.7,-,25.7,25.7,-,-
63 戝嶃巗,1215.8,24.6,2.3,2.1,1.8,0.4,10.9,1.9,0.5,1.3,0.1,0.1,7.2,299.4,288.9,7.6,9.1,28.9,28.4,12.3,18.5,11.3,27.3,0.8,65.4,1.0,11.6,9.9,6.4,18.3,7.6,2.0,10.1,7.1,2.5,20.2,10.5,1.8,8.7,3.4,1.9,1.5,22.9,11.5,11.4,16.2,13.9,2.3,34.2,0.3,1.6,8.8,10.1,13.3,0.0,-,269.8,16.7,13.7,3.0,171.4,1.4,14.2,46.3,7.3,2.6,13.9,81.5,4.1,59.9,6.5,19.1,32.7,1.6,14.3,7.6,198.6,2.9,82.6,0.2,15.9,1.4,95.7,66.9,15.0,13.8,50.4,2.3,6.1,20.1,7.7,12.3,21.9,2.9,8.9,44.3,4.9,25.9,3.3,18.1,4.4,13.5,0.1,0.4,-,-,0.2,0.0,0.1,0.0,1.5,0.1,0.7,0.4,0.3,0.1,0.3,0.4,149.6,120.3,0.0,29.2,64.2,37.6,2.2,8.2,7.9,6.8,0.3,1.0,11.2,18.6,0.5,7.6,24.5,-,24.5,24.5,-,-
64 嶄巗,1320.3,24.7,2.4,2.2,2.1,0.1,10.8,1.6,0.2,1.2,0.1,-,7.7,337.4,327.0,8.2,8.8,33.2,30.1,12.8,19.2,12.6,34.6,0.7,68.3,1.0,15.4,10.1,6.4,24.3,8.4,2.6,11.8,7.9,3.3,27.9,10.4,0.9,9.5,4.6,2.2,2.4,21.6,11.4,10.2,15.0,13.4,1.6,36.9,0.5,2.6,9.4,10.4,14.0,-,-,293.6,11.5,7.4,4.1,186.9,0.6,30.5,49.6,6.6,2.1,13.0,80.0,4.5,78.1,8.2,29.7,38.0,2.1,11.4,5.7,224.5,3.2,89.6,0.1,16.6,1.5,113.5,77.8,18.0,17.7,52.8,2.6,5.2,19.1,9.8,9.3,25.9,4.6,9.0,44.1,5.5,25.2,2.5,17.2,5.5,13.5,-,0.5,0.1,-,0.4,-,-,-,1.5,-,0.9,0.7,0.1,-,0.6,-,165.2,146.3,-,18.8,57.1,31.5,2.9,7.6,6.8,5.1,0.9,-,8.3,17.5,0.1,8.1,27.3,-,27.3,27.3,-,-
65 恄屗巗,1221.2,20.6,1.9,1.7,1.5,0.2,9.6,1.3,0.3,0.9,0.1,-,6.1,311.6,300.7,6.2,9.7,28.1,29.2,12.1,20.9,11.8,31.3,0.9,62.9,1.1,14.5,8.1,7.3,18.7,6.9,2.7,11.6,6.0,2.7,25.3,10.9,1.9,9.0,4.2,1.5,2.6,18.2,11.1,7.2,22.9,21.0,1.9,49.5,0.3,3.1,12.3,16.5,17.3,0.1,-,278.8,6.4,4.4,2.0,174.1,1.7,21.8,42.9,7.9,2.9,21.3,66.2,9.2,74.9,8.2,23.8,40.7,2.2,16.3,7.2,155.8,2.3,54.8,0.1,13.9,1.1,83.5,48.6,18.7,16.2,47.7,2.6,5.8,15.3,6.6,8.7,23.9,3.7,8.6,39.9,4.6,21.9,2.7,15.5,3.7,13.3,0.1,0.3,-,-,0.1,-,-,0.2,1.3,0.1,0.6,0.4,0.2,-,0.4,0.2,167.2,138.4,0.1,28.8,60.4,36.9,2.6,10.1,7.6,6.6,0.5,0.4,9.1,15.5,0.1,7.8,30.6,-,30.6,30.6,-,-
66 壀嶳巗,1153.3,20.6,1.5,1.1,1.0,0.1,10.1,1.0,0.3,0.7,-,0.1,6.7,273.8,263.3,5.3,5.6,26.4,20.9,12.2,18.5,11.2,28.6,0.4,52.2,1.0,11.4,10.5,9.2,17.2,7.3,2.2,10.4,7.2,4.2,19.8,10.5,2.1,8.4,3.8,2.2,1.5,18.0,10.5,7.4,15.3,12.3,2.9,50.2,-,1.0,12.6,21.6,15.0,-,-,239.6,5.9,2.1,3.8,137.4,1.5,28.6,11.1,6.2,2.9,15.6,68.2,3.4,69.7,8.1,22.2,37.9,1.5,18.1,8.4,142.9,1.7,54.0,0.1,12.9,0.7,73.5,44.0,15.3,14.2,38.8,1.4,5.5,12.5,4.8,7.7,19.5,1.8,9.0,37.0,6.2,21.6,1.5,17.0,3.1,9.3,0.3,0.4,-,-,0.3,-,-,0.1,2.1,-,0.4,0.3,0.1,0.4,0.6,0.7,227.1,156.4,-,70.7,51.2,33.2,3.1,9.0,8.3,6.6,0.7,0.1,5.5,13.7,-,4.2,21.6,-,21.6,21.6,-,-
67 峀搰巗,1067.6,18.5,1.6,0.8,0.7,0.1,7.9,1.3,0.3,1.0,-,-,6.9,279.8,270.4,5.2,7.0,24.7,25.6,10.1,18.5,9.8,29.2,0.3,55.8,0.9,12.2,11.9,5.4,19.2,7.5,2.4,9.6,8.6,3.3,21.4,9.4,1.2,8.2,3.1,1.7,1.4,17.8,11.1,6.7,22.5,20.5,2.0,40.9,0.1,1.9,11.4,16.2,11.4,-,0.1,263.2,7.2,3.6,3.6,170.7,0.8,14.9,30.3,7.4,2.1,36.3,75.3,3.6,66.4,8.4,21.9,34.2,1.8,13.5,5.5,131.2,2.1,46.4,0.3,10.2,0.8,71.4,42.5,17.6,11.4,35.9,0.7,4.4,13.1,6.8,6.3,17.8,2.5,6.6,33.1,4.5,20.2,1.8,16.1,2.3,8.5,-,0.2,-,-,0.2,-,-,-,1.3,-,0.6,0.5,0.1,0.1,0.3,0.3,141.2,120.6,0.3,20.3,50.8,28.6,2.8,7.2,5.0,6.5,0.8,0.1,6.2,16.6,-,5.6,18.9,-,18.9,18.9,-,-
68 杒嬨廈巗,1462.2,29.2,2.9,2.4,2.2,0.2,12.7,2.5,0.3,1.7,0.6,0.1,8.6,389.6,377.3,7.9,10.0,37.4,34.0,16.9,28.6,15.6,37.4,1.0,75.8,1.9,14.9,14.8,7.3,24.2,11.5,3.9,14.6,9.8,6.2,26.8,12.3,2.3,10.0,4.6,2.2,2.4,34.5,20.4,14.1,33.5,29.5,4.0,62.1,0.3,3.3,14.9,27.1,16.5,-,-,279.0,15.7,4.3,11.5,149.8,2.1,26.9,18.6,10.6,3.4,23.6,60.8,3.9,82.6,7.6,24.8,48.1,2.1,21.7,9.1,205.9,2.4,78.3,-,17.4,2.3,105.5,65.6,23.2,16.6,55.2,1.7,8.0,16.5,6.3,10.2,29.0,4.5,13.4,52.0,9.1,29.0,2.4,22.5,4.1,13.9,-,0.6,-,-,0.3,-,0.1,0.1,0.9,0.1,0.2,0.1,0.1,-,0.3,0.2,195.9,139.6,0.2,56.1,67.3,40.2,2.1,7.4,11.2,11.2,0.3,0.2,7.7,17.8,0.6,8.7,34.0,-,34.0,34.0,-,-
69 暉壀巗,915.1,13.8,1.7,1.2,1.0,0.2,5.9,1.1,0.1,1.0,-,-,3.9,253.5,245.9,7.1,7.7,19.4,24.3,11.2,17.4,9.7,25.2,0.6,50.0,1.1,11.8,9.7,5.3,16.0,6.5,1.8,8.2,6.2,2.8,19.7,7.6,1.5,6.1,3.1,1.6,1.6,19.0,10.8,8.2,17.7,15.1,2.6,41.2,0.2,1.7,9.1,17.3,12.9,-,-,178.2,12.3,3.1,9.1,94.9,0.7,12.9,12.7,6.5,2.3,14.4,42.6,2.8,55.9,6.3,16.4,31.5,1.8,9.9,5.1,118.0,1.9,35.5,0.1,8.4,1.1,71.0,46.7,15.0,9.2,34.5,1.1,4.7,12.3,4.8,7.5,16.4,2.6,6.4,31.1,4.8,16.5,1.2,13.8,1.4,9.8,-,0.5,-,-,0.3,0.1,-,0.1,1.8,0.2,0.7,0.4,0.4,0.1,0.5,0.2,132.5,90.2,0.1,42.2,43.5,25.2,1.6,6.1,8.1,5.1,0.3,0.2,3.9,12.9,0.1,5.3,17.9,-,17.9,17.9,-,-
70 孎杮巗,1173.3,20.8,1.4,1.2,0.9,0.3,10.6,0.9,0.1,0.8,-,-,6.6,295.7,282.0,6.0,6.5,17.8,27.8,11.0,19.8,14.4,31.3,0.8,53.7,1.4,16.4,11.3,6.4,19.8,5.0,2.8,10.4,7.9,3.3,26.9,13.7,2.0,11.7,2.7,1.8,0.9,18.9,10.4,8.4,18.9,16.4,2.4,56.0,-,2.2,11.3,21.6,21.0,0.1,-,254.1,4.6,1.4,3.3,160.2,1.6,10.2,13.2,8.1,3.4,49.3,68.2,6.2,66.9,8.5,21.7,34.6,2.0,16.6,5.8,155.2,2.6,45.7,0.1,9.6,0.4,96.7,67.7,16.6,12.5,45.7,1.2,6.1,16.6,8.1,8.4,21.8,3.7,8.8,40.3,4.6,23.5,0.7,20.5,2.3,12.2,-,0.7,0.1,-,0.3,-,0.1,0.1,1.5,0.1,0.8,0.4,0.4,-,-,0.5,166.5,134.3,0.3,31.9,52.8,32.0,3.9,9.4,5.2,7.2,0.7,0.4,5.3,15.6,0.3,4.9,30.9,-,30.9,30.9,-,-
